keyword,date,interest_value,scraped_at
Rust,2025-04-02,70,2025-07-02 13:42:59.726369
Rust,2025-04-03,74,2025-07-02 13:42:59.726369
Rust,2025-04-04,75,2025-07-02 13:42:59.726369
Rust,2025-04-05,77,2025-07-02 13:42:59.726369
Rust,2025-04-06,80,2025-07-02 13:42:59.726369
Rust,2025-04-07,72,2025-07-02 13:42:59.726369
Rust,2025-04-08,67,2025-07-02 13:42:59.726369
Rust,2025-04-09,67,2025-07-02 13:42:59.726369
Rust,2025-04-10,66,2025-07-02 13:42:59.726369
Rust,2025-04-11,72,2025-07-02 13:42:59.726369
Rust,2025-04-12,79,2025-07-02 13:42:59.726369
Rust,2025-04-13,77,2025-07-02 13:42:59.726369
Rust,2025-04-14,72,2025-07-02 13:42:59.726369
Rust,2025-04-15,71,2025-07-02 13:42:59.726369
Rust,2025-04-16,67,2025-07-02 13:42:59.726369
Rust,2025-04-17,75,2025-07-02 13:42:59.726369
Rust,2025-04-18,80,2025-07-02 13:42:59.726369
Rust,2025-04-19,79,2025-07-02 13:42:59.726369
Rust,2025-04-20,79,2025-07-02 13:42:59.726369
Rust,2025-04-21,75,2025-07-02 13:42:59.726369
Rust,2025-04-22,67,2025-07-02 13:42:59.726369
Rust,2025-04-23,69,2025-07-02 13:42:59.726369
Rust,2025-04-24,71,2025-07-02 13:42:59.726369
Rust,2025-04-25,68,2025-07-02 13:42:59.726369
Rust,2025-04-26,74,2025-07-02 13:42:59.726369
Rust,2025-04-27,75,2025-07-02 13:42:59.726369
Rust,2025-04-28,71,2025-07-02 13:42:59.726369
Rust,2025-04-29,68,2025-07-02 13:42:59.726369
Rust,2025-04-30,67,2025-07-02 13:42:59.726369
Rust,2025-05-01,88,2025-07-02 13:42:59.726369
Rust,2025-05-02,91,2025-07-02 13:42:59.726369
Rust,2025-05-03,98,2025-07-02 13:42:59.726369
Rust,2025-05-04,100,2025-07-02 13:42:59.726369
Rust,2025-05-05,88,2025-07-02 13:42:59.726369
Rust,2025-05-06,77,2025-07-02 13:42:59.726369
Rust,2025-05-07,74,2025-07-02 13:42:59.726369
Rust,2025-05-08,73,2025-07-02 13:42:59.726369
Rust,2025-05-09,78,2025-07-02 13:42:59.726369
Rust,2025-05-10,87,2025-07-02 13:42:59.726369
Rust,2025-05-11,82,2025-07-02 13:42:59.726369
Rust,2025-05-12,75,2025-07-02 13:42:59.726369
Rust,2025-05-13,73,2025-07-02 13:42:59.726369
Rust,2025-05-14,74,2025-07-02 13:42:59.726369
Rust,2025-05-15,70,2025-07-02 13:42:59.726369
Rust,2025-05-16,75,2025-07-02 13:42:59.726369
Rust,2025-05-17,81,2025-07-02 13:42:59.726369
Rust,2025-05-18,80,2025-07-02 13:42:59.726369
Rust,2025-05-19,72,2025-07-02 13:42:59.726369
Rust,2025-05-20,73,2025-07-02 13:42:59.726369
Rust,2025-05-21,65,2025-07-02 13:42:59.726369
Rust,2025-05-22,75,2025-07-02 13:42:59.726369
Rust,2025-05-23,74,2025-07-02 13:42:59.726369
Rust,2025-05-24,81,2025-07-02 13:42:59.726369
Rust,2025-05-25,82,2025-07-02 13:42:59.726369
Rust,2025-05-26,80,2025-07-02 13:42:59.726369
Rust,2025-05-27,76,2025-07-02 13:42:59.726369
Rust,2025-05-28,75,2025-07-02 13:42:59.726369
Rust,2025-05-29,74,2025-07-02 13:42:59.726369
Rust,2025-05-30,77,2025-07-02 13:42:59.726369
Rust,2025-05-31,76,2025-07-02 13:42:59.726369
Rust,2025-06-01,78,2025-07-02 13:42:59.726369
Rust,2025-06-02,73,2025-07-02 13:42:59.726369
Rust,2025-06-03,70,2025-07-02 13:42:59.726369
Rust,2025-06-04,70,2025-07-02 13:42:59.726369
Rust,2025-06-05,82,2025-07-02 13:42:59.726369
Rust,2025-06-06,82,2025-07-02 13:42:59.726369
Rust,2025-06-07,87,2025-07-02 13:42:59.726369
Rust,2025-06-08,84,2025-07-02 13:42:59.726369
Rust,2025-06-09,78,2025-07-02 13:42:59.726369
Rust,2025-06-10,71,2025-07-02 13:42:59.726369
Rust,2025-06-11,71,2025-07-02 13:42:59.726369
Rust,2025-06-12,74,2025-07-02 13:42:59.726369
Rust,2025-06-13,72,2025-07-02 13:42:59.726369
Rust,2025-06-14,78,2025-07-02 13:42:59.726369
Rust,2025-06-15,78,2025-07-02 13:42:59.726369
Rust,2025-06-16,73,2025-07-02 13:42:59.726369
Rust,2025-06-17,71,2025-07-02 13:42:59.726369
Rust,2025-06-18,70,2025-07-02 13:42:59.726369
Rust,2025-06-19,78,2025-07-02 13:42:59.726369
Rust,2025-06-20,79,2025-07-02 13:42:59.726369
Rust,2025-06-21,75,2025-07-02 13:42:59.726369
Rust,2025-06-22,77,2025-07-02 13:42:59.726369
Rust,2025-06-23,69,2025-07-02 13:42:59.726369
Rust,2025-06-24,74,2025-07-02 13:42:59.726369
Rust,2025-06-25,75,2025-07-02 13:42:59.726369
Rust,2025-06-26,100,2025-07-02 13:42:59.726369
Rust,2025-06-27,87,2025-07-02 13:42:59.726369
Rust,2025-06-28,88,2025-07-02 13:42:59.726369
Rust,2025-06-29,90,2025-07-02 13:42:59.726369
Rust,2025-06-30,81,2025-07-02 13:42:59.726369
Rust,2025-07-01,77,2025-07-02 13:42:59.726369
Rust,2025-07-02,73,2025-07-02 13:42:59.726369
Data Science,2025-04-02,78,2025-07-02 14:02:11.985228
Data Science,2025-04-03,78,2025-07-02 14:02:11.985228
Data Science,2025-04-04,73,2025-07-02 14:02:11.985228
Data Science,2025-04-05,74,2025-07-02 14:02:11.985228
Data Science,2025-04-06,63,2025-07-02 14:02:11.985228
Data Science,2025-04-07,78,2025-07-02 14:02:11.985228
Data Science,2025-04-08,80,2025-07-02 14:02:11.985228
Data Science,2025-04-09,89,2025-07-02 14:02:11.985228
Data Science,2025-04-10,73,2025-07-02 14:02:11.985228
Data Science,2025-04-11,72,2025-07-02 14:02:11.985228
Data Science,2025-04-12,77,2025-07-02 14:02:11.985228
Data Science,2025-04-13,61,2025-07-02 14:02:11.985228
Data Science,2025-04-14,78,2025-07-02 14:02:11.985228
Data Science,2025-04-15,81,2025-07-02 14:02:11.985228
Data Science,2025-04-16,79,2025-07-02 14:02:11.985228
Data Science,2025-04-17,78,2025-07-02 14:02:11.985228
Data Science,2025-04-18,69,2025-07-02 14:02:11.985228
Data Science,2025-04-19,75,2025-07-02 14:02:11.985228
Data Science,2025-04-20,63,2025-07-02 14:02:11.985228
Data Science,2025-04-21,82,2025-07-02 14:02:11.985228
Data Science,2025-04-22,87,2025-07-02 14:02:11.985228
Data Science,2025-04-23,83,2025-07-02 14:02:11.985228
Data Science,2025-04-24,80,2025-07-02 14:02:11.985228
Data Science,2025-04-25,75,2025-07-02 14:02:11.985228
Data Science,2025-04-26,71,2025-07-02 14:02:11.985228
Data Science,2025-04-27,65,2025-07-02 14:02:11.985228
Data Science,2025-04-28,88,2025-07-02 14:02:11.985228
Data Science,2025-04-29,81,2025-07-02 14:02:11.985228
Data Science,2025-04-30,75,2025-07-02 14:02:11.985228
Data Science,2025-05-01,79,2025-07-02 14:02:11.985228
Data Science,2025-05-02,77,2025-07-02 14:02:11.985228
Data Science,2025-05-03,83,2025-07-02 14:02:11.985228
Data Science,2025-05-04,68,2025-07-02 14:02:11.985228
Data Science,2025-05-05,93,2025-07-02 14:02:11.985228
Data Science,2025-05-06,83,2025-07-02 14:02:11.985228
Data Science,2025-05-07,79,2025-07-02 14:02:11.985228
Data Science,2025-05-08,81,2025-07-02 14:02:11.985228
Data Science,2025-05-09,81,2025-07-02 14:02:11.985228
Data Science,2025-05-10,79,2025-07-02 14:02:11.985228
Data Science,2025-05-11,75,2025-07-02 14:02:11.985228
Data Science,2025-05-12,84,2025-07-02 14:02:11.985228
Data Science,2025-05-13,94,2025-07-02 14:02:11.985228
Data Science,2025-05-14,88,2025-07-02 14:02:11.985228
Data Science,2025-05-15,82,2025-07-02 14:02:11.985228
Data Science,2025-05-16,86,2025-07-02 14:02:11.985228
Data Science,2025-05-17,83,2025-07-02 14:02:11.985228
Data Science,2025-05-18,70,2025-07-02 14:02:11.985228
Data Science,2025-05-19,84,2025-07-02 14:02:11.985228
Data Science,2025-05-20,88,2025-07-02 14:02:11.985228
Data Science,2025-05-21,90,2025-07-02 14:02:11.985228
Data Science,2025-05-22,82,2025-07-02 14:02:11.985228
Data Science,2025-05-23,83,2025-07-02 14:02:11.985228
Data Science,2025-05-24,84,2025-07-02 14:02:11.985228
Data Science,2025-05-25,70,2025-07-02 14:02:11.985228
Data Science,2025-05-26,76,2025-07-02 14:02:11.985228
Data Science,2025-05-27,83,2025-07-02 14:02:11.985228
Data Science,2025-05-28,79,2025-07-02 14:02:11.985228
Data Science,2025-05-29,84,2025-07-02 14:02:11.985228
Data Science,2025-05-30,78,2025-07-02 14:02:11.985228
Data Science,2025-05-31,77,2025-07-02 14:02:11.985228
Data Science,2025-06-01,64,2025-07-02 14:02:11.985228
Data Science,2025-06-02,84,2025-07-02 14:02:11.985228
Data Science,2025-06-03,80,2025-07-02 14:02:11.985228
Data Science,2025-06-04,78,2025-07-02 14:02:11.985228
Data Science,2025-06-05,87,2025-07-02 14:02:11.985228
Data Science,2025-06-06,85,2025-07-02 14:02:11.985228
Data Science,2025-06-07,84,2025-07-02 14:02:11.985228
Data Science,2025-06-08,73,2025-07-02 14:02:11.985228
Data Science,2025-06-09,93,2025-07-02 14:02:11.985228
Data Science,2025-06-10,100,2025-07-02 14:02:11.985228
Data Science,2025-06-11,96,2025-07-02 14:02:11.985228
Data Science,2025-06-12,90,2025-07-02 14:02:11.985228
Data Science,2025-06-13,86,2025-07-02 14:02:11.985228
Data Science,2025-06-14,89,2025-07-02 14:02:11.985228
Data Science,2025-06-15,79,2025-07-02 14:02:11.985228
Data Science,2025-06-16,90,2025-07-02 14:02:11.985228
Data Science,2025-06-17,89,2025-07-02 14:02:11.985228
Data Science,2025-06-18,88,2025-07-02 14:02:11.985228
Data Science,2025-06-19,89,2025-07-02 14:02:11.985228
Data Science,2025-06-20,86,2025-07-02 14:02:11.985228
Data Science,2025-06-21,97,2025-07-02 14:02:11.985228
Data Science,2025-06-22,66,2025-07-02 14:02:11.985228
Data Science,2025-06-23,79,2025-07-02 14:02:11.985228
Data Science,2025-06-24,86,2025-07-02 14:02:11.985228
Data Science,2025-06-25,89,2025-07-02 14:02:11.985228
Data Science,2025-06-26,87,2025-07-02 14:02:11.985228
Data Science,2025-06-27,78,2025-07-02 14:02:11.985228
Data Science,2025-06-28,83,2025-07-02 14:02:11.985228
Data Science,2025-06-29,68,2025-07-02 14:02:11.985228
Data Science,2025-06-30,85,2025-07-02 14:02:11.985228
Data Science,2025-07-01,82,2025-07-02 14:02:11.985228
Data Science,2025-07-02,88,2025-07-02 14:02:11.985228
Python,2025-04-02,100,2025-07-02 12:33:23.773521
Python,2025-04-03,94,2025-07-02 12:33:23.773521
Python,2025-04-04,88,2025-07-02 12:33:23.773521
Python,2025-04-05,57,2025-07-02 12:33:23.773521
Python,2025-04-06,57,2025-07-02 12:33:23.773521
Python,2025-04-07,88,2025-07-02 12:33:23.773521
Python,2025-04-08,91,2025-07-02 12:33:23.773521
Python,2025-04-09,92,2025-07-02 12:33:23.773521
Python,2025-04-10,93,2025-07-02 12:33:23.773521
Python,2025-04-11,86,2025-07-02 12:33:23.773521
Python,2025-04-12,57,2025-07-02 12:33:23.773521
Python,2025-04-13,55,2025-07-02 12:33:23.773521
Python,2025-04-14,87,2025-07-02 12:33:23.773521
Python,2025-04-15,93,2025-07-02 12:33:23.773521
Python,2025-04-16,93,2025-07-02 12:33:23.773521
Python,2025-04-17,87,2025-07-02 12:33:23.773521
Python,2025-04-18,72,2025-07-02 12:33:23.773521
Python,2025-04-19,54,2025-07-02 12:33:23.773521
Python,2025-04-20,54,2025-07-02 12:33:23.773521
Python,2025-04-21,79,2025-07-02 12:33:23.773521
Python,2025-04-22,93,2025-07-02 12:33:23.773521
Python,2025-04-23,85,2025-07-02 12:33:23.773521
Python,2025-04-24,94,2025-07-02 12:33:23.773521
Python,2025-04-25,85,2025-07-02 12:33:23.773521
Python,2025-04-26,56,2025-07-02 12:33:23.773521
Python,2025-04-27,57,2025-07-02 12:33:23.773521
Python,2025-04-28,91,2025-07-02 12:33:23.773521
Python,2025-04-29,89,2025-07-02 12:33:23.773521
Python,2025-04-30,83,2025-07-02 12:33:23.773521
Python,2025-05-01,73,2025-07-02 12:33:23.773521
Python,2025-05-02,76,2025-07-02 12:33:23.773521
Python,2025-05-03,54,2025-07-02 12:33:23.773521
Python,2025-05-04,53,2025-07-02 12:33:23.773521
Python,2025-05-05,85,2025-07-02 12:33:23.773521
Python,2025-05-06,79,2025-07-02 12:33:23.773521
Python,2025-05-07,87,2025-07-02 12:33:23.773521
Python,2025-05-08,80,2025-07-02 12:33:23.773521
Python,2025-05-09,82,2025-07-02 12:33:23.773521
Python,2025-05-10,53,2025-07-02 12:33:23.773521
Python,2025-05-11,53,2025-07-02 12:33:23.773521
Python,2025-05-12,87,2025-07-02 12:33:23.773521
Python,2025-05-13,89,2025-07-02 12:33:23.773521
Python,2025-05-14,92,2025-07-02 12:33:23.773521
Python,2025-05-15,85,2025-07-02 12:33:23.773521
Python,2025-05-16,79,2025-07-02 12:33:23.773521
Python,2025-05-17,55,2025-07-02 12:33:23.773521
Python,2025-05-18,53,2025-07-02 12:33:23.773521
Python,2025-05-19,83,2025-07-02 12:33:23.773521
Python,2025-05-20,94,2025-07-02 12:33:23.773521
Python,2025-05-21,88,2025-07-02 12:33:23.773521
Python,2025-05-22,90,2025-07-02 12:33:23.773521
Python,2025-05-23,84,2025-07-02 12:33:23.773521
Python,2025-05-24,55,2025-07-02 12:33:23.773521
Python,2025-05-25,54,2025-07-02 12:33:23.773521
Python,2025-05-26,78,2025-07-02 12:33:23.773521
Python,2025-05-27,86,2025-07-02 12:33:23.773521
Python,2025-05-28,83,2025-07-02 12:33:23.773521
Python,2025-05-29,80,2025-07-02 12:33:23.773521
Python,2025-05-30,75,2025-07-02 12:33:23.773521
Python,2025-05-31,50,2025-07-02 12:33:23.773521
Python,2025-06-01,50,2025-07-02 12:33:23.773521
Python,2025-06-02,79,2025-07-02 12:33:23.773521
Python,2025-06-03,84,2025-07-02 12:33:23.773521
Python,2025-06-04,89,2025-07-02 12:33:23.773521
Python,2025-06-05,92,2025-07-02 12:33:23.773521
Python,2025-06-06,82,2025-07-02 12:33:23.773521
Python,2025-06-07,58,2025-07-02 12:33:23.773521
Python,2025-06-08,57,2025-07-02 12:33:23.773521
Python,2025-06-09,85,2025-07-02 12:33:23.773521
Python,2025-06-10,97,2025-07-02 12:33:23.773521
Python,2025-06-11,92,2025-07-02 12:33:23.773521
Python,2025-06-12,91,2025-07-02 12:33:23.773521
Python,2025-06-13,82,2025-07-02 12:33:23.773521
Python,2025-06-14,58,2025-07-02 12:33:23.773521
Python,2025-06-15,56,2025-07-02 12:33:23.773521
Python,2025-06-16,88,2025-07-02 12:33:23.773521
Python,2025-06-17,91,2025-07-02 12:33:23.773521
Python,2025-06-18,85,2025-07-02 12:33:23.773521
Python,2025-06-19,84,2025-07-02 12:33:23.773521
Python,2025-06-20,75,2025-07-02 12:33:23.773521
Python,2025-06-21,57,2025-07-02 12:33:23.773521
Python,2025-06-22,49,2025-07-02 12:33:23.773521
Python,2025-06-23,83,2025-07-02 12:33:23.773521
Python,2025-06-24,86,2025-07-02 12:33:23.773521
Python,2025-06-25,84,2025-07-02 12:33:23.773521
Python,2025-06-26,85,2025-07-02 12:33:23.773521
Python,2025-06-27,94,2025-07-02 12:33:23.773521
Python,2025-06-28,59,2025-07-02 12:33:23.773521
Python,2025-06-29,51,2025-07-02 12:33:23.773521
Python,2025-06-30,80,2025-07-02 12:33:23.773521
Python,2025-07-01,81,2025-07-02 12:33:23.773521
Python,2025-07-02,91,2025-07-02 12:33:23.773521
JavaScript,2025-04-02,100,2025-07-02 12:33:50.251826
JavaScript,2025-04-03,98,2025-07-02 12:33:50.251826
JavaScript,2025-04-04,88,2025-07-02 12:33:50.251826
JavaScript,2025-04-05,49,2025-07-02 12:33:50.251826
JavaScript,2025-04-06,48,2025-07-02 12:33:50.251826
JavaScript,2025-04-07,89,2025-07-02 12:33:50.251826
JavaScript,2025-04-08,95,2025-07-02 12:33:50.251826
JavaScript,2025-04-09,96,2025-07-02 12:33:50.251826
JavaScript,2025-04-10,95,2025-07-02 12:33:50.251826
JavaScript,2025-04-11,84,2025-07-02 12:33:50.251826
JavaScript,2025-04-12,48,2025-07-02 12:33:50.251826
JavaScript,2025-04-13,45,2025-07-02 12:33:50.251826
JavaScript,2025-04-14,87,2025-07-02 12:33:50.251826
JavaScript,2025-04-15,95,2025-07-02 12:33:50.251826
JavaScript,2025-04-16,93,2025-07-02 12:33:50.251826
JavaScript,2025-04-17,86,2025-07-02 12:33:50.251826
JavaScript,2025-04-18,67,2025-07-02 12:33:50.251826
JavaScript,2025-04-19,49,2025-07-02 12:33:50.251826
JavaScript,2025-04-20,42,2025-07-02 12:33:50.251826
JavaScript,2025-04-21,75,2025-07-02 12:33:50.251826
JavaScript,2025-04-22,95,2025-07-02 12:33:50.251826
JavaScript,2025-04-23,95,2025-07-02 12:33:50.251826
JavaScript,2025-04-24,95,2025-07-02 12:33:50.251826
JavaScript,2025-04-25,83,2025-07-02 12:33:50.251826
JavaScript,2025-04-26,49,2025-07-02 12:33:50.251826
JavaScript,2025-04-27,46,2025-07-02 12:33:50.251826
JavaScript,2025-04-28,87,2025-07-02 12:33:50.251826
JavaScript,2025-04-29,88,2025-07-02 12:33:50.251826
JavaScript,2025-04-30,85,2025-07-02 12:33:50.251826
JavaScript,2025-05-01,69,2025-07-02 12:33:50.251826
JavaScript,2025-05-02,72,2025-07-02 12:33:50.251826
JavaScript,2025-05-03,46,2025-07-02 12:33:50.251826
JavaScript,2025-05-04,47,2025-07-02 12:33:50.251826
JavaScript,2025-05-05,83,2025-07-02 12:33:50.251826
JavaScript,2025-05-06,84,2025-07-02 12:33:50.251826
JavaScript,2025-05-07,87,2025-07-02 12:33:50.251826
JavaScript,2025-05-08,81,2025-07-02 12:33:50.251826
JavaScript,2025-05-09,80,2025-07-02 12:33:50.251826
JavaScript,2025-05-10,45,2025-07-02 12:33:50.251826
JavaScript,2025-05-11,43,2025-07-02 12:33:50.251826
JavaScript,2025-05-12,85,2025-07-02 12:33:50.251826
JavaScript,2025-05-13,89,2025-07-02 12:33:50.251826
JavaScript,2025-05-14,91,2025-07-02 12:33:50.251826
JavaScript,2025-05-15,87,2025-07-02 12:33:50.251826
JavaScript,2025-05-16,81,2025-07-02 12:33:50.251826
JavaScript,2025-05-17,49,2025-07-02 12:33:50.251826
JavaScript,2025-05-18,43,2025-07-02 12:33:50.251826
JavaScript,2025-05-19,83,2025-07-02 12:33:50.251826
JavaScript,2025-05-20,92,2025-07-02 12:33:50.251826
JavaScript,2025-05-21,90,2025-07-02 12:33:50.251826
JavaScript,2025-05-22,88,2025-07-02 12:33:50.251826
JavaScript,2025-05-23,83,2025-07-02 12:33:50.251826
JavaScript,2025-05-24,45,2025-07-02 12:33:50.251826
JavaScript,2025-05-25,48,2025-07-02 12:33:50.251826
JavaScript,2025-05-26,80,2025-07-02 12:33:50.251826
JavaScript,2025-05-27,89,2025-07-02 12:33:50.251826
JavaScript,2025-05-28,89,2025-07-02 12:33:50.251826
JavaScript,2025-05-29,81,2025-07-02 12:33:50.251826
JavaScript,2025-05-30,73,2025-07-02 12:33:50.251826
JavaScript,2025-05-31,43,2025-07-02 12:33:50.251826
JavaScript,2025-06-01,42,2025-07-02 12:33:50.251826
JavaScript,2025-06-02,77,2025-07-02 12:33:50.251826
JavaScript,2025-06-03,83,2025-07-02 12:33:50.251826
JavaScript,2025-06-04,82,2025-07-02 12:33:50.251826
JavaScript,2025-06-05,91,2025-07-02 12:33:50.251826
JavaScript,2025-06-06,81,2025-07-02 12:33:50.251826
JavaScript,2025-06-07,51,2025-07-02 12:33:50.251826
JavaScript,2025-06-08,49,2025-07-02 12:33:50.251826
JavaScript,2025-06-09,83,2025-07-02 12:33:50.251826
JavaScript,2025-06-10,98,2025-07-02 12:33:50.251826
JavaScript,2025-06-11,96,2025-07-02 12:33:50.251826
JavaScript,2025-06-12,86,2025-07-02 12:33:50.251826
JavaScript,2025-06-13,86,2025-07-02 12:33:50.251826
JavaScript,2025-06-14,52,2025-07-02 12:33:50.251826
JavaScript,2025-06-15,47,2025-07-02 12:33:50.251826
JavaScript,2025-06-16,86,2025-07-02 12:33:50.251826
JavaScript,2025-06-17,93,2025-07-02 12:33:50.251826
JavaScript,2025-06-18,87,2025-07-02 12:33:50.251826
JavaScript,2025-06-19,80,2025-07-02 12:33:50.251826
JavaScript,2025-06-20,75,2025-07-02 12:33:50.251826
JavaScript,2025-06-21,55,2025-07-02 12:33:50.251826
JavaScript,2025-06-22,43,2025-07-02 12:33:50.251826
JavaScript,2025-06-23,96,2025-07-02 12:33:50.251826
JavaScript,2025-06-24,84,2025-07-02 12:33:50.251826
JavaScript,2025-06-25,87,2025-07-02 12:33:50.251826
JavaScript,2025-06-26,84,2025-07-02 12:33:50.251826
JavaScript,2025-06-27,80,2025-07-02 12:33:50.251826
JavaScript,2025-06-28,52,2025-07-02 12:33:50.251826
JavaScript,2025-06-29,47,2025-07-02 12:33:50.251826
JavaScript,2025-06-30,76,2025-07-02 12:33:50.251826
JavaScript,2025-07-01,80,2025-07-02 12:33:50.251826
JavaScript,2025-07-02,92,2025-07-02 12:33:50.251826
React,2025-04-02,89,2025-07-02 12:34:18.551425
React,2025-04-03,85,2025-07-02 12:34:18.551425
React,2025-04-04,81,2025-07-02 12:34:18.551425
React,2025-04-05,53,2025-07-02 12:34:18.551425
React,2025-04-06,55,2025-07-02 12:34:18.551425
React,2025-04-07,82,2025-07-02 12:34:18.551425
React,2025-04-08,83,2025-07-02 12:34:18.551425
React,2025-04-09,86,2025-07-02 12:34:18.551425
React,2025-04-10,85,2025-07-02 12:34:18.551425
React,2025-04-11,82,2025-07-02 12:34:18.551425
React,2025-04-12,53,2025-07-02 12:34:18.551425
React,2025-04-13,51,2025-07-02 12:34:18.551425
React,2025-04-14,83,2025-07-02 12:34:18.551425
React,2025-04-15,82,2025-07-02 12:34:18.551425
React,2025-04-16,81,2025-07-02 12:34:18.551425
React,2025-04-17,82,2025-07-02 12:34:18.551425
React,2025-04-18,67,2025-07-02 12:34:18.551425
React,2025-04-19,51,2025-07-02 12:34:18.551425
React,2025-04-20,48,2025-07-02 12:34:18.551425
React,2025-04-21,78,2025-07-02 12:34:18.551425
React,2025-04-22,85,2025-07-02 12:34:18.551425
React,2025-04-23,83,2025-07-02 12:34:18.551425
React,2025-04-24,83,2025-07-02 12:34:18.551425
React,2025-04-25,76,2025-07-02 12:34:18.551425
React,2025-04-26,53,2025-07-02 12:34:18.551425
React,2025-04-27,54,2025-07-02 12:34:18.551425
React,2025-04-28,85,2025-07-02 12:34:18.551425
React,2025-04-29,82,2025-07-02 12:34:18.551425
React,2025-04-30,78,2025-07-02 12:34:18.551425
React,2025-05-01,73,2025-07-02 12:34:18.551425
React,2025-05-02,72,2025-07-02 12:34:18.551425
React,2025-05-03,50,2025-07-02 12:34:18.551425
React,2025-05-04,50,2025-07-02 12:34:18.551425
React,2025-05-05,80,2025-07-02 12:34:18.551425
React,2025-05-06,82,2025-07-02 12:34:18.551425
React,2025-05-07,79,2025-07-02 12:34:18.551425
React,2025-05-08,77,2025-07-02 12:34:18.551425
React,2025-05-09,73,2025-07-02 12:34:18.551425
React,2025-05-10,52,2025-07-02 12:34:18.551425
React,2025-05-11,50,2025-07-02 12:34:18.551425
React,2025-05-12,78,2025-07-02 12:34:18.551425
React,2025-05-13,82,2025-07-02 12:34:18.551425
React,2025-05-14,83,2025-07-02 12:34:18.551425
React,2025-05-15,80,2025-07-02 12:34:18.551425
React,2025-05-16,75,2025-07-02 12:34:18.551425
React,2025-05-17,53,2025-07-02 12:34:18.551425
React,2025-05-18,50,2025-07-02 12:34:18.551425
React,2025-05-19,77,2025-07-02 12:34:18.551425
React,2025-05-20,82,2025-07-02 12:34:18.551425
React,2025-05-21,81,2025-07-02 12:34:18.551425
React,2025-05-22,82,2025-07-02 12:34:18.551425
React,2025-05-23,79,2025-07-02 12:34:18.551425
React,2025-05-24,50,2025-07-02 12:34:18.551425
React,2025-05-25,46,2025-07-02 12:34:18.551425
React,2025-05-26,73,2025-07-02 12:34:18.551425
React,2025-05-27,83,2025-07-02 12:34:18.551425
React,2025-05-28,77,2025-07-02 12:34:18.551425
React,2025-05-29,73,2025-07-02 12:34:18.551425
React,2025-05-30,71,2025-07-02 12:34:18.551425
React,2025-05-31,48,2025-07-02 12:34:18.551425
React,2025-06-01,45,2025-07-02 12:34:18.551425
React,2025-06-02,70,2025-07-02 12:34:18.551425
React,2025-06-03,73,2025-07-02 12:34:18.551425
React,2025-06-04,79,2025-07-02 12:34:18.551425
React,2025-06-05,80,2025-07-02 12:34:18.551425
React,2025-06-06,74,2025-07-02 12:34:18.551425
React,2025-06-07,52,2025-07-02 12:34:18.551425
React,2025-06-08,51,2025-07-02 12:34:18.551425
React,2025-06-09,77,2025-07-02 12:34:18.551425
React,2025-06-10,85,2025-07-02 12:34:18.551425
React,2025-06-11,81,2025-07-02 12:34:18.551425
React,2025-06-12,80,2025-07-02 12:34:18.551425
React,2025-06-13,76,2025-07-02 12:34:18.551425
React,2025-06-14,54,2025-07-02 12:34:18.551425
React,2025-06-15,52,2025-07-02 12:34:18.551425
React,2025-06-16,80,2025-07-02 12:34:18.551425
React,2025-06-17,82,2025-07-02 12:34:18.551425
React,2025-06-18,76,2025-07-02 12:34:18.551425
React,2025-06-19,76,2025-07-02 12:34:18.551425
React,2025-06-20,72,2025-07-02 12:34:18.551425
React,2025-06-21,56,2025-07-02 12:34:18.551425
React,2025-06-22,50,2025-07-02 12:34:18.551425
React,2025-06-23,75,2025-07-02 12:34:18.551425
React,2025-06-24,81,2025-07-02 12:34:18.551425
React,2025-06-25,80,2025-07-02 12:34:18.551425
React,2025-06-26,100,2025-07-02 12:34:18.551425
React,2025-06-27,73,2025-07-02 12:34:18.551425
React,2025-06-28,51,2025-07-02 12:34:18.551425
React,2025-06-29,48,2025-07-02 12:34:18.551425
React,2025-06-30,72,2025-07-02 12:34:18.551425
React,2025-07-01,76,2025-07-02 12:34:18.551425
React,2025-07-02,79,2025-07-02 12:34:18.551425
Go,2025-04-02,84,2025-07-02 12:34:42.092113
Go,2025-04-03,84,2025-07-02 12:34:42.092113
Go,2025-04-04,86,2025-07-02 12:34:42.092113
Go,2025-04-05,88,2025-07-02 12:34:42.092113
Go,2025-04-06,88,2025-07-02 12:34:42.092113
Go,2025-04-07,81,2025-07-02 12:34:42.092113
Go,2025-04-08,83,2025-07-02 12:34:42.092113
Go,2025-04-09,89,2025-07-02 12:34:42.092113
Go,2025-04-10,85,2025-07-02 12:34:42.092113
Go,2025-04-11,88,2025-07-02 12:34:42.092113
Go,2025-04-12,87,2025-07-02 12:34:42.092113
Go,2025-04-13,90,2025-07-02 12:34:42.092113
Go,2025-04-14,92,2025-07-02 12:34:42.092113
Go,2025-04-15,90,2025-07-02 12:34:42.092113
Go,2025-04-16,83,2025-07-02 12:34:42.092113
Go,2025-04-17,86,2025-07-02 12:34:42.092113
Go,2025-04-18,88,2025-07-02 12:34:42.092113
Go,2025-04-19,82,2025-07-02 12:34:42.092113
Go,2025-04-20,85,2025-07-02 12:34:42.092113
Go,2025-04-21,89,2025-07-02 12:34:42.092113
Go,2025-04-22,87,2025-07-02 12:34:42.092113
Go,2025-04-23,84,2025-07-02 12:34:42.092113
Go,2025-04-24,87,2025-07-02 12:34:42.092113
Go,2025-04-25,83,2025-07-02 12:34:42.092113
Go,2025-04-26,84,2025-07-02 12:34:42.092113
Go,2025-04-27,86,2025-07-02 12:34:42.092113
Go,2025-04-28,87,2025-07-02 12:34:42.092113
Go,2025-04-29,86,2025-07-02 12:34:42.092113
Go,2025-04-30,85,2025-07-02 12:34:42.092113
Go,2025-05-01,91,2025-07-02 12:34:42.092113
Go,2025-05-02,89,2025-07-02 12:34:42.092113
Go,2025-05-03,83,2025-07-02 12:34:42.092113
Go,2025-05-04,88,2025-07-02 12:34:42.092113
Go,2025-05-05,86,2025-07-02 12:34:42.092113
Go,2025-05-06,83,2025-07-02 12:34:42.092113
Go,2025-05-07,84,2025-07-02 12:34:42.092113
Go,2025-05-08,84,2025-07-02 12:34:42.092113
Go,2025-05-09,84,2025-07-02 12:34:42.092113
Go,2025-05-10,82,2025-07-02 12:34:42.092113
Go,2025-05-11,88,2025-07-02 12:34:42.092113
Go,2025-05-12,82,2025-07-02 12:34:42.092113
Go,2025-05-13,85,2025-07-02 12:34:42.092113
Go,2025-05-14,87,2025-07-02 12:34:42.092113
Go,2025-05-15,87,2025-07-02 12:34:42.092113
Go,2025-05-16,83,2025-07-02 12:34:42.092113
Go,2025-05-17,89,2025-07-02 12:34:42.092113
Go,2025-05-18,85,2025-07-02 12:34:42.092113
Go,2025-05-19,86,2025-07-02 12:34:42.092113
Go,2025-05-20,81,2025-07-02 12:34:42.092113
Go,2025-05-21,85,2025-07-02 12:34:42.092113
Go,2025-05-22,82,2025-07-02 12:34:42.092113
Go,2025-05-23,84,2025-07-02 12:34:42.092113
Go,2025-05-24,86,2025-07-02 12:34:42.092113
Go,2025-05-25,86,2025-07-02 12:34:42.092113
Go,2025-05-26,80,2025-07-02 12:34:42.092113
Go,2025-05-27,88,2025-07-02 12:34:42.092113
Go,2025-05-28,89,2025-07-02 12:34:42.092113
Go,2025-05-29,85,2025-07-02 12:34:42.092113
Go,2025-05-30,86,2025-07-02 12:34:42.092113
Go,2025-05-31,88,2025-07-02 12:34:42.092113
Go,2025-06-01,86,2025-07-02 12:34:42.092113
Go,2025-06-02,81,2025-07-02 12:34:42.092113
Go,2025-06-03,84,2025-07-02 12:34:42.092113
Go,2025-06-04,86,2025-07-02 12:34:42.092113
Go,2025-06-05,85,2025-07-02 12:34:42.092113
Go,2025-06-06,83,2025-07-02 12:34:42.092113
Go,2025-06-07,93,2025-07-02 12:34:42.092113
Go,2025-06-08,93,2025-07-02 12:34:42.092113
Go,2025-06-09,87,2025-07-02 12:34:42.092113
Go,2025-06-10,85,2025-07-02 12:34:42.092113
Go,2025-06-11,84,2025-07-02 12:34:42.092113
Go,2025-06-12,87,2025-07-02 12:34:42.092113
Go,2025-06-13,88,2025-07-02 12:34:42.092113
Go,2025-06-14,88,2025-07-02 12:34:42.092113
Go,2025-06-15,87,2025-07-02 12:34:42.092113
Go,2025-06-16,84,2025-07-02 12:34:42.092113
Go,2025-06-17,84,2025-07-02 12:34:42.092113
Go,2025-06-18,84,2025-07-02 12:34:42.092113
Go,2025-06-19,88,2025-07-02 12:34:42.092113
Go,2025-06-20,85,2025-07-02 12:34:42.092113
Go,2025-06-21,91,2025-07-02 12:34:42.092113
Go,2025-06-22,90,2025-07-02 12:34:42.092113
Go,2025-06-23,89,2025-07-02 12:34:42.092113
Go,2025-06-24,91,2025-07-02 12:34:42.092113
Go,2025-06-25,89,2025-07-02 12:34:42.092113
Go,2025-06-26,85,2025-07-02 12:34:42.092113
Go,2025-06-27,87,2025-07-02 12:34:42.092113
Go,2025-06-28,100,2025-07-02 12:34:42.092113
Go,2025-06-29,99,2025-07-02 12:34:42.092113
Go,2025-06-30,90,2025-07-02 12:34:42.092113
Go,2025-07-01,90,2025-07-02 12:34:42.092113
Go,2025-07-02,90,2025-07-02 12:34:42.092113
Data Science,2025-04-02,80,2025-07-02 12:13:51.568698
Data Science,2025-04-03,78,2025-07-02 12:13:51.568698
Data Science,2025-04-04,72,2025-07-02 12:13:51.568698
Data Science,2025-04-05,74,2025-07-02 12:13:51.568698
Data Science,2025-04-06,64,2025-07-02 12:13:51.568698
Data Science,2025-04-07,79,2025-07-02 12:13:51.568698
Data Science,2025-04-08,79,2025-07-02 12:13:51.568698
Data Science,2025-04-09,86,2025-07-02 12:13:51.568698
Data Science,2025-04-10,73,2025-07-02 12:13:51.568698
Data Science,2025-04-11,72,2025-07-02 12:13:51.568698
Data Science,2025-04-12,77,2025-07-02 12:13:51.568698
Data Science,2025-04-13,61,2025-07-02 12:13:51.568698
Data Science,2025-04-14,77,2025-07-02 12:13:51.568698
Data Science,2025-04-15,78,2025-07-02 12:13:51.568698
Data Science,2025-04-16,80,2025-07-02 12:13:51.568698
Data Science,2025-04-17,79,2025-07-02 12:13:51.568698
Data Science,2025-04-18,68,2025-07-02 12:13:51.568698
Data Science,2025-04-19,76,2025-07-02 12:13:51.568698
Data Science,2025-04-20,63,2025-07-02 12:13:51.568698
Data Science,2025-04-21,82,2025-07-02 12:13:51.568698
Data Science,2025-04-22,86,2025-07-02 12:13:51.568698
Data Science,2025-04-23,82,2025-07-02 12:13:51.568698
Data Science,2025-04-24,79,2025-07-02 12:13:51.568698
Data Science,2025-04-25,75,2025-07-02 12:13:51.568698
Data Science,2025-04-26,71,2025-07-02 12:13:51.568698
Data Science,2025-04-27,65,2025-07-02 12:13:51.568698
Data Science,2025-04-28,84,2025-07-02 12:13:51.568698
Data Science,2025-04-29,80,2025-07-02 12:13:51.568698
Data Science,2025-04-30,75,2025-07-02 12:13:51.568698
Data Science,2025-05-01,79,2025-07-02 12:13:51.568698
Data Science,2025-05-02,77,2025-07-02 12:13:51.568698
Data Science,2025-05-03,82,2025-07-02 12:13:51.568698
Data Science,2025-05-04,67,2025-07-02 12:13:51.568698
Data Science,2025-05-05,89,2025-07-02 12:13:51.568698
Data Science,2025-05-06,100,2025-07-02 12:13:51.568698
Data Science,2025-05-07,79,2025-07-02 12:13:51.568698
Data Science,2025-05-08,80,2025-07-02 12:13:51.568698
Data Science,2025-05-09,88,2025-07-02 12:13:51.568698
Data Science,2025-05-10,79,2025-07-02 12:13:51.568698
Data Science,2025-05-11,75,2025-07-02 12:13:51.568698
Data Science,2025-05-12,85,2025-07-02 12:13:51.568698
Data Science,2025-05-13,90,2025-07-02 12:13:51.568698
Data Science,2025-05-14,89,2025-07-02 12:13:51.568698
Data Science,2025-05-15,86,2025-07-02 12:13:51.568698
Data Science,2025-05-16,85,2025-07-02 12:13:51.568698
Data Science,2025-05-17,82,2025-07-02 12:13:51.568698
Data Science,2025-05-18,69,2025-07-02 12:13:51.568698
Data Science,2025-05-19,84,2025-07-02 12:13:51.568698
Data Science,2025-05-20,90,2025-07-02 12:13:51.568698
Data Science,2025-05-21,92,2025-07-02 12:13:51.568698
Data Science,2025-05-22,83,2025-07-02 12:13:51.568698
Data Science,2025-05-23,83,2025-07-02 12:13:51.568698
Data Science,2025-05-24,84,2025-07-02 12:13:51.568698
Data Science,2025-05-25,70,2025-07-02 12:13:51.568698
Data Science,2025-05-26,76,2025-07-02 12:13:51.568698
Data Science,2025-05-27,84,2025-07-02 12:13:51.568698
Data Science,2025-05-28,78,2025-07-02 12:13:51.568698
Data Science,2025-05-29,84,2025-07-02 12:13:51.568698
Data Science,2025-05-30,78,2025-07-02 12:13:51.568698
Data Science,2025-05-31,77,2025-07-02 12:13:51.568698
Data Science,2025-06-01,64,2025-07-02 12:13:51.568698
Data Science,2025-06-02,84,2025-07-02 12:13:51.568698
Data Science,2025-06-03,80,2025-07-02 12:13:51.568698
Data Science,2025-06-04,78,2025-07-02 12:13:51.568698
Data Science,2025-06-05,87,2025-07-02 12:13:51.568698
Data Science,2025-06-06,85,2025-07-02 12:13:51.568698
Data Science,2025-06-07,84,2025-07-02 12:13:51.568698
Data Science,2025-06-08,73,2025-07-02 12:13:51.568698
Data Science,2025-06-09,93,2025-07-02 12:13:51.568698
Data Science,2025-06-10,100,2025-07-02 12:13:51.568698
Data Science,2025-06-11,95,2025-07-02 12:13:51.568698
Data Science,2025-06-12,90,2025-07-02 12:13:51.568698
Data Science,2025-06-13,86,2025-07-02 12:13:51.568698
Data Science,2025-06-14,89,2025-07-02 12:13:51.568698
Data Science,2025-06-15,79,2025-07-02 12:13:51.568698
Data Science,2025-06-16,91,2025-07-02 12:13:51.568698
Data Science,2025-06-17,89,2025-07-02 12:13:51.568698
Data Science,2025-06-18,87,2025-07-02 12:13:51.568698
Data Science,2025-06-19,84,2025-07-02 12:13:51.568698
Data Science,2025-06-20,87,2025-07-02 12:13:51.568698
Data Science,2025-06-21,97,2025-07-02 12:13:51.568698
Data Science,2025-06-22,66,2025-07-02 12:13:51.568698
Data Science,2025-06-23,82,2025-07-02 12:13:51.568698
Data Science,2025-06-24,85,2025-07-02 12:13:51.568698
Data Science,2025-06-25,87,2025-07-02 12:13:51.568698
Data Science,2025-06-26,84,2025-07-02 12:13:51.568698
Data Science,2025-06-27,78,2025-07-02 12:13:51.568698
Data Science,2025-06-28,82,2025-07-02 12:13:51.568698
Data Science,2025-06-29,67,2025-07-02 12:13:51.568698
Data Science,2025-06-30,83,2025-07-02 12:13:51.568698
Data Science,2025-07-01,79,2025-07-02 12:13:51.568698
Data Science,2025-07-02,90,2025-07-02 12:13:51.568698
Go,2025-04-02,84,2025-07-02 12:12:55.326126
Go,2025-04-03,85,2025-07-02 12:12:55.326126
Go,2025-04-04,87,2025-07-02 12:12:55.326126
Go,2025-04-05,89,2025-07-02 12:12:55.326126
Go,2025-04-06,89,2025-07-02 12:12:55.326126
Go,2025-04-07,82,2025-07-02 12:12:55.326126
Go,2025-04-08,84,2025-07-02 12:12:55.326126
Go,2025-04-09,89,2025-07-02 12:12:55.326126
Go,2025-04-10,86,2025-07-02 12:12:55.326126
Go,2025-04-11,89,2025-07-02 12:12:55.326126
Go,2025-04-12,88,2025-07-02 12:12:55.326126
Go,2025-04-13,90,2025-07-02 12:12:55.326126
Go,2025-04-14,93,2025-07-02 12:12:55.326126
Go,2025-04-15,92,2025-07-02 12:12:55.326126
Go,2025-04-16,85,2025-07-02 12:12:55.326126
Go,2025-04-17,86,2025-07-02 12:12:55.326126
Go,2025-04-18,88,2025-07-02 12:12:55.326126
Go,2025-04-19,83,2025-07-02 12:12:55.326126
Go,2025-04-20,87,2025-07-02 12:12:55.326126
Go,2025-04-21,90,2025-07-02 12:12:55.326126
Go,2025-04-22,87,2025-07-02 12:12:55.326126
Go,2025-04-23,84,2025-07-02 12:12:55.326126
Go,2025-04-24,88,2025-07-02 12:12:55.326126
Go,2025-04-25,84,2025-07-02 12:12:55.326126
Go,2025-04-26,84,2025-07-02 12:12:55.326126
Go,2025-04-27,87,2025-07-02 12:12:55.326126
Go,2025-04-28,88,2025-07-02 12:12:55.326126
Go,2025-04-29,87,2025-07-02 12:12:55.326126
Go,2025-04-30,86,2025-07-02 12:12:55.326126
Go,2025-05-01,92,2025-07-02 12:12:55.326126
Go,2025-05-02,90,2025-07-02 12:12:55.326126
Go,2025-05-03,83,2025-07-02 12:12:55.326126
Go,2025-05-04,88,2025-07-02 12:12:55.326126
Go,2025-05-05,87,2025-07-02 12:12:55.326126
Go,2025-05-06,84,2025-07-02 12:12:55.326126
Go,2025-05-07,85,2025-07-02 12:12:55.326126
Go,2025-05-08,84,2025-07-02 12:12:55.326126
Go,2025-05-09,84,2025-07-02 12:12:55.326126
Go,2025-05-10,83,2025-07-02 12:12:55.326126
Go,2025-05-11,89,2025-07-02 12:12:55.326126
Go,2025-05-12,83,2025-07-02 12:12:55.326126
Go,2025-05-13,85,2025-07-02 12:12:55.326126
Go,2025-05-14,88,2025-07-02 12:12:55.326126
Go,2025-05-15,87,2025-07-02 12:12:55.326126
Go,2025-05-16,84,2025-07-02 12:12:55.326126
Go,2025-05-17,89,2025-07-02 12:12:55.326126
Go,2025-05-18,86,2025-07-02 12:12:55.326126
Go,2025-05-19,87,2025-07-02 12:12:55.326126
Go,2025-05-20,82,2025-07-02 12:12:55.326126
Go,2025-05-21,85,2025-07-02 12:12:55.326126
Go,2025-05-22,83,2025-07-02 12:12:55.326126
Go,2025-05-23,84,2025-07-02 12:12:55.326126
Go,2025-05-24,87,2025-07-02 12:12:55.326126
Go,2025-05-25,87,2025-07-02 12:12:55.326126
Go,2025-05-26,80,2025-07-02 12:12:55.326126
Go,2025-05-27,88,2025-07-02 12:12:55.326126
Go,2025-05-28,90,2025-07-02 12:12:55.326126
Go,2025-05-29,86,2025-07-02 12:12:55.326126
Go,2025-05-30,91,2025-07-02 12:12:55.326126
Go,2025-05-31,88,2025-07-02 12:12:55.326126
Go,2025-06-01,87,2025-07-02 12:12:55.326126
Go,2025-06-02,82,2025-07-02 12:12:55.326126
Go,2025-06-03,85,2025-07-02 12:12:55.326126
Go,2025-06-04,87,2025-07-02 12:12:55.326126
Go,2025-06-05,86,2025-07-02 12:12:55.326126
Go,2025-06-06,84,2025-07-02 12:12:55.326126
Go,2025-06-07,93,2025-07-02 12:12:55.326126
Go,2025-06-08,93,2025-07-02 12:12:55.326126
Go,2025-06-09,88,2025-07-02 12:12:55.326126
Go,2025-06-10,86,2025-07-02 12:12:55.326126
Go,2025-06-11,85,2025-07-02 12:12:55.326126
Go,2025-06-12,88,2025-07-02 12:12:55.326126
Go,2025-06-13,89,2025-07-02 12:12:55.326126
Go,2025-06-14,89,2025-07-02 12:12:55.326126
Go,2025-06-15,88,2025-07-02 12:12:55.326126
Go,2025-06-16,81,2025-07-02 12:12:55.326126
Go,2025-06-17,84,2025-07-02 12:12:55.326126
Go,2025-06-18,84,2025-07-02 12:12:55.326126
Go,2025-06-19,88,2025-07-02 12:12:55.326126
Go,2025-06-20,86,2025-07-02 12:12:55.326126
Go,2025-06-21,91,2025-07-02 12:12:55.326126
Go,2025-06-22,90,2025-07-02 12:12:55.326126
Go,2025-06-23,89,2025-07-02 12:12:55.326126
Go,2025-06-24,92,2025-07-02 12:12:55.326126
Go,2025-06-25,89,2025-07-02 12:12:55.326126
Go,2025-06-26,86,2025-07-02 12:12:55.326126
Go,2025-06-27,88,2025-07-02 12:12:55.326126
Go,2025-06-28,100,2025-07-02 12:12:55.326126
Go,2025-06-29,100,2025-07-02 12:12:55.326126
Go,2025-06-30,91,2025-07-02 12:12:55.326126
Go,2025-07-01,90,2025-07-02 12:12:55.326126
Go,2025-07-02,86,2025-07-02 12:12:55.326126
JavaScript,2025-04-02,100,2025-07-02 12:11:54.544420
JavaScript,2025-04-03,98,2025-07-02 12:11:54.544420
JavaScript,2025-04-04,88,2025-07-02 12:11:54.544420
JavaScript,2025-04-05,49,2025-07-02 12:11:54.544420
JavaScript,2025-04-06,48,2025-07-02 12:11:54.544420
JavaScript,2025-04-07,89,2025-07-02 12:11:54.544420
JavaScript,2025-04-08,95,2025-07-02 12:11:54.544420
JavaScript,2025-04-09,96,2025-07-02 12:11:54.544420
JavaScript,2025-04-10,95,2025-07-02 12:11:54.544420
JavaScript,2025-04-11,84,2025-07-02 12:11:54.544420
JavaScript,2025-04-12,48,2025-07-02 12:11:54.544420
JavaScript,2025-04-13,45,2025-07-02 12:11:54.544420
JavaScript,2025-04-14,87,2025-07-02 12:11:54.544420
JavaScript,2025-04-15,95,2025-07-02 12:11:54.544420
JavaScript,2025-04-16,91,2025-07-02 12:11:54.544420
JavaScript,2025-04-17,86,2025-07-02 12:11:54.544420
JavaScript,2025-04-18,64,2025-07-02 12:11:54.544420
JavaScript,2025-04-19,45,2025-07-02 12:11:54.544420
JavaScript,2025-04-20,42,2025-07-02 12:11:54.544420
JavaScript,2025-04-21,75,2025-07-02 12:11:54.544420
JavaScript,2025-04-22,95,2025-07-02 12:11:54.544420
JavaScript,2025-04-23,95,2025-07-02 12:11:54.544420
JavaScript,2025-04-24,95,2025-07-02 12:11:54.544420
JavaScript,2025-04-25,83,2025-07-02 12:11:54.544420
JavaScript,2025-04-26,46,2025-07-02 12:11:54.544420
JavaScript,2025-04-27,46,2025-07-02 12:11:54.544420
JavaScript,2025-04-28,87,2025-07-02 12:11:54.544420
JavaScript,2025-04-29,88,2025-07-02 12:11:54.544420
JavaScript,2025-04-30,85,2025-07-02 12:11:54.544420
JavaScript,2025-05-01,69,2025-07-02 12:11:54.544420
JavaScript,2025-05-02,72,2025-07-02 12:11:54.544420
JavaScript,2025-05-03,46,2025-07-02 12:11:54.544420
JavaScript,2025-05-04,47,2025-07-02 12:11:54.544420
JavaScript,2025-05-05,83,2025-07-02 12:11:54.544420
JavaScript,2025-05-06,84,2025-07-02 12:11:54.544420
JavaScript,2025-05-07,87,2025-07-02 12:11:54.544420
JavaScript,2025-05-08,81,2025-07-02 12:11:54.544420
JavaScript,2025-05-09,80,2025-07-02 12:11:54.544420
JavaScript,2025-05-10,45,2025-07-02 12:11:54.544420
JavaScript,2025-05-11,43,2025-07-02 12:11:54.544420
JavaScript,2025-05-12,85,2025-07-02 12:11:54.544420
JavaScript,2025-05-13,89,2025-07-02 12:11:54.544420
JavaScript,2025-05-14,91,2025-07-02 12:11:54.544420
JavaScript,2025-05-15,90,2025-07-02 12:11:54.544420
JavaScript,2025-05-16,81,2025-07-02 12:11:54.544420
JavaScript,2025-05-17,51,2025-07-02 12:11:54.544420
JavaScript,2025-05-18,43,2025-07-02 12:11:54.544420
JavaScript,2025-05-19,83,2025-07-02 12:11:54.544420
JavaScript,2025-05-20,92,2025-07-02 12:11:54.544420
JavaScript,2025-05-21,90,2025-07-02 12:11:54.544420
JavaScript,2025-05-22,88,2025-07-02 12:11:54.544420
JavaScript,2025-05-23,83,2025-07-02 12:11:54.544420
JavaScript,2025-05-24,45,2025-07-02 12:11:54.544420
JavaScript,2025-05-25,44,2025-07-02 12:11:54.544420
JavaScript,2025-05-26,80,2025-07-02 12:11:54.544420
JavaScript,2025-05-27,89,2025-07-02 12:11:54.544420
JavaScript,2025-05-28,89,2025-07-02 12:11:54.544420
JavaScript,2025-05-29,81,2025-07-02 12:11:54.544420
JavaScript,2025-05-30,74,2025-07-02 12:11:54.544420
JavaScript,2025-05-31,43,2025-07-02 12:11:54.544420
JavaScript,2025-06-01,42,2025-07-02 12:11:54.544420
JavaScript,2025-06-02,77,2025-07-02 12:11:54.544420
JavaScript,2025-06-03,83,2025-07-02 12:11:54.544420
JavaScript,2025-06-04,84,2025-07-02 12:11:54.544420
JavaScript,2025-06-05,91,2025-07-02 12:11:54.544420
JavaScript,2025-06-06,81,2025-07-02 12:11:54.544420
JavaScript,2025-06-07,51,2025-07-02 12:11:54.544420
JavaScript,2025-06-08,49,2025-07-02 12:11:54.544420
JavaScript,2025-06-09,83,2025-07-02 12:11:54.544420
JavaScript,2025-06-10,98,2025-07-02 12:11:54.544420
JavaScript,2025-06-11,96,2025-07-02 12:11:54.544420
JavaScript,2025-06-12,86,2025-07-02 12:11:54.544420
JavaScript,2025-06-13,86,2025-07-02 12:11:54.544420
JavaScript,2025-06-14,52,2025-07-02 12:11:54.544420
JavaScript,2025-06-15,48,2025-07-02 12:11:54.544420
JavaScript,2025-06-16,85,2025-07-02 12:11:54.544420
JavaScript,2025-06-17,93,2025-07-02 12:11:54.544420
JavaScript,2025-06-18,86,2025-07-02 12:11:54.544420
JavaScript,2025-06-19,80,2025-07-02 12:11:54.544420
JavaScript,2025-06-20,76,2025-07-02 12:11:54.544420
JavaScript,2025-06-21,55,2025-07-02 12:11:54.544420
JavaScript,2025-06-22,43,2025-07-02 12:11:54.544420
JavaScript,2025-06-23,95,2025-07-02 12:11:54.544420
JavaScript,2025-06-24,84,2025-07-02 12:11:54.544420
JavaScript,2025-06-25,86,2025-07-02 12:11:54.544420
JavaScript,2025-06-26,85,2025-07-02 12:11:54.544420
JavaScript,2025-06-27,80,2025-07-02 12:11:54.544420
JavaScript,2025-06-28,52,2025-07-02 12:11:54.544420
JavaScript,2025-06-29,47,2025-07-02 12:11:54.544420
JavaScript,2025-06-30,76,2025-07-02 12:11:54.544420
JavaScript,2025-07-01,80,2025-07-02 12:11:54.544420
JavaScript,2025-07-02,90,2025-07-02 12:11:54.544420
Rust,2025-04-02,70,2025-07-02 12:13:27.790715
Rust,2025-04-03,74,2025-07-02 12:13:27.790715
Rust,2025-04-04,75,2025-07-02 12:13:27.790715
Rust,2025-04-05,77,2025-07-02 12:13:27.790715
Rust,2025-04-06,80,2025-07-02 12:13:27.790715
Rust,2025-04-07,71,2025-07-02 12:13:27.790715
Rust,2025-04-08,67,2025-07-02 12:13:27.790715
Rust,2025-04-09,67,2025-07-02 12:13:27.790715
Rust,2025-04-10,67,2025-07-02 12:13:27.790715
Rust,2025-04-11,72,2025-07-02 12:13:27.790715
Rust,2025-04-12,79,2025-07-02 12:13:27.790715
Rust,2025-04-13,77,2025-07-02 12:13:27.790715
Rust,2025-04-14,72,2025-07-02 12:13:27.790715
Rust,2025-04-15,71,2025-07-02 12:13:27.790715
Rust,2025-04-16,67,2025-07-02 12:13:27.790715
Rust,2025-04-17,75,2025-07-02 12:13:27.790715
Rust,2025-04-18,80,2025-07-02 12:13:27.790715
Rust,2025-04-19,77,2025-07-02 12:13:27.790715
Rust,2025-04-20,79,2025-07-02 12:13:27.790715
Rust,2025-04-21,75,2025-07-02 12:13:27.790715
Rust,2025-04-22,71,2025-07-02 12:13:27.790715
Rust,2025-04-23,69,2025-07-02 12:13:27.790715
Rust,2025-04-24,71,2025-07-02 12:13:27.790715
Rust,2025-04-25,68,2025-07-02 12:13:27.790715
Rust,2025-04-26,75,2025-07-02 12:13:27.790715
Rust,2025-04-27,75,2025-07-02 12:13:27.790715
Rust,2025-04-28,72,2025-07-02 12:13:27.790715
Rust,2025-04-29,68,2025-07-02 12:13:27.790715
Rust,2025-04-30,67,2025-07-02 12:13:27.790715
Rust,2025-05-01,88,2025-07-02 12:13:27.790715
Rust,2025-05-02,92,2025-07-02 12:13:27.790715
Rust,2025-05-03,98,2025-07-02 12:13:27.790715
Rust,2025-05-04,100,2025-07-02 12:13:27.790715
Rust,2025-05-05,88,2025-07-02 12:13:27.790715
Rust,2025-05-06,77,2025-07-02 12:13:27.790715
Rust,2025-05-07,75,2025-07-02 12:13:27.790715
Rust,2025-05-08,73,2025-07-02 12:13:27.790715
Rust,2025-05-09,79,2025-07-02 12:13:27.790715
Rust,2025-05-10,88,2025-07-02 12:13:27.790715
Rust,2025-05-11,82,2025-07-02 12:13:27.790715
Rust,2025-05-12,75,2025-07-02 12:13:27.790715
Rust,2025-05-13,73,2025-07-02 12:13:27.790715
Rust,2025-05-14,75,2025-07-02 12:13:27.790715
Rust,2025-05-15,71,2025-07-02 12:13:27.790715
Rust,2025-05-16,76,2025-07-02 12:13:27.790715
Rust,2025-05-17,81,2025-07-02 12:13:27.790715
Rust,2025-05-18,81,2025-07-02 12:13:27.790715
Rust,2025-05-19,72,2025-07-02 12:13:27.790715
Rust,2025-05-20,73,2025-07-02 12:13:27.790715
Rust,2025-05-21,65,2025-07-02 12:13:27.790715
Rust,2025-05-22,75,2025-07-02 12:13:27.790715
Rust,2025-05-23,74,2025-07-02 12:13:27.790715
Rust,2025-05-24,81,2025-07-02 12:13:27.790715
Rust,2025-05-25,82,2025-07-02 12:13:27.790715
Rust,2025-05-26,80,2025-07-02 12:13:27.790715
Rust,2025-05-27,76,2025-07-02 12:13:27.790715
Rust,2025-05-28,75,2025-07-02 12:13:27.790715
Rust,2025-05-29,74,2025-07-02 12:13:27.790715
Rust,2025-05-30,77,2025-07-02 12:13:27.790715
Rust,2025-05-31,77,2025-07-02 12:13:27.790715
Rust,2025-06-01,80,2025-07-02 12:13:27.790715
Rust,2025-06-02,73,2025-07-02 12:13:27.790715
Rust,2025-06-03,70,2025-07-02 12:13:27.790715
Rust,2025-06-04,70,2025-07-02 12:13:27.790715
Rust,2025-06-05,83,2025-07-02 12:13:27.790715
Rust,2025-06-06,82,2025-07-02 12:13:27.790715
Rust,2025-06-07,88,2025-07-02 12:13:27.790715
Rust,2025-06-08,84,2025-07-02 12:13:27.790715
Rust,2025-06-09,78,2025-07-02 12:13:27.790715
Rust,2025-06-10,72,2025-07-02 12:13:27.790715
Rust,2025-06-11,71,2025-07-02 12:13:27.790715
Rust,2025-06-12,74,2025-07-02 12:13:27.790715
Rust,2025-06-13,72,2025-07-02 12:13:27.790715
Rust,2025-06-14,78,2025-07-02 12:13:27.790715
Rust,2025-06-15,78,2025-07-02 12:13:27.790715
Rust,2025-06-16,73,2025-07-02 12:13:27.790715
Rust,2025-06-17,72,2025-07-02 12:13:27.790715
Rust,2025-06-18,70,2025-07-02 12:13:27.790715
Rust,2025-06-19,82,2025-07-02 12:13:27.790715
Rust,2025-06-20,78,2025-07-02 12:13:27.790715
Rust,2025-06-21,77,2025-07-02 12:13:27.790715
Rust,2025-06-22,77,2025-07-02 12:13:27.790715
Rust,2025-06-23,69,2025-07-02 12:13:27.790715
Rust,2025-06-24,71,2025-07-02 12:13:27.790715
Rust,2025-06-25,76,2025-07-02 12:13:27.790715
Rust,2025-06-26,98,2025-07-02 12:13:27.790715
Rust,2025-06-27,83,2025-07-02 12:13:27.790715
Rust,2025-06-28,89,2025-07-02 12:13:27.790715
Rust,2025-06-29,88,2025-07-02 12:13:27.790715
Rust,2025-06-30,81,2025-07-02 12:13:27.790715
Rust,2025-07-01,79,2025-07-02 12:13:27.790715
Rust,2025-07-02,75,2025-07-02 12:13:27.790715
Python,2025-04-02,100,2025-07-02 12:11:32.161314
Python,2025-04-03,94,2025-07-02 12:11:32.161314
Python,2025-04-04,88,2025-07-02 12:11:32.161314
Python,2025-04-05,57,2025-07-02 12:11:32.161314
Python,2025-04-06,57,2025-07-02 12:11:32.161314
Python,2025-04-07,88,2025-07-02 12:11:32.161314
Python,2025-04-08,91,2025-07-02 12:11:32.161314
Python,2025-04-09,92,2025-07-02 12:11:32.161314
Python,2025-04-10,93,2025-07-02 12:11:32.161314
Python,2025-04-11,86,2025-07-02 12:11:32.161314
Python,2025-04-12,57,2025-07-02 12:11:32.161314
Python,2025-04-13,55,2025-07-02 12:11:32.161314
Python,2025-04-14,87,2025-07-02 12:11:32.161314
Python,2025-04-15,93,2025-07-02 12:11:32.161314
Python,2025-04-16,93,2025-07-02 12:11:32.161314
Python,2025-04-17,87,2025-07-02 12:11:32.161314
Python,2025-04-18,72,2025-07-02 12:11:32.161314
Python,2025-04-19,54,2025-07-02 12:11:32.161314
Python,2025-04-20,54,2025-07-02 12:11:32.161314
Python,2025-04-21,79,2025-07-02 12:11:32.161314
Python,2025-04-22,93,2025-07-02 12:11:32.161314
Python,2025-04-23,85,2025-07-02 12:11:32.161314
Python,2025-04-24,94,2025-07-02 12:11:32.161314
Python,2025-04-25,85,2025-07-02 12:11:32.161314
Python,2025-04-26,56,2025-07-02 12:11:32.161314
Python,2025-04-27,57,2025-07-02 12:11:32.161314
Python,2025-04-28,91,2025-07-02 12:11:32.161314
Python,2025-04-29,89,2025-07-02 12:11:32.161314
Python,2025-04-30,83,2025-07-02 12:11:32.161314
Python,2025-05-01,73,2025-07-02 12:11:32.161314
Python,2025-05-02,76,2025-07-02 12:11:32.161314
Python,2025-05-03,54,2025-07-02 12:11:32.161314
Python,2025-05-04,53,2025-07-02 12:11:32.161314
Python,2025-05-05,85,2025-07-02 12:11:32.161314
Python,2025-05-06,79,2025-07-02 12:11:32.161314
Python,2025-05-07,87,2025-07-02 12:11:32.161314
Python,2025-05-08,80,2025-07-02 12:11:32.161314
Python,2025-05-09,82,2025-07-02 12:11:32.161314
Python,2025-05-10,53,2025-07-02 12:11:32.161314
Python,2025-05-11,53,2025-07-02 12:11:32.161314
Python,2025-05-12,87,2025-07-02 12:11:32.161314
Python,2025-05-13,89,2025-07-02 12:11:32.161314
Python,2025-05-14,92,2025-07-02 12:11:32.161314
Python,2025-05-15,85,2025-07-02 12:11:32.161314
Python,2025-05-16,79,2025-07-02 12:11:32.161314
Python,2025-05-17,55,2025-07-02 12:11:32.161314
Python,2025-05-18,53,2025-07-02 12:11:32.161314
Python,2025-05-19,83,2025-07-02 12:11:32.161314
Python,2025-05-20,94,2025-07-02 12:11:32.161314
Python,2025-05-21,88,2025-07-02 12:11:32.161314
Python,2025-05-22,90,2025-07-02 12:11:32.161314
Python,2025-05-23,84,2025-07-02 12:11:32.161314
Python,2025-05-24,55,2025-07-02 12:11:32.161314
Python,2025-05-25,54,2025-07-02 12:11:32.161314
Python,2025-05-26,78,2025-07-02 12:11:32.161314
Python,2025-05-27,86,2025-07-02 12:11:32.161314
Python,2025-05-28,83,2025-07-02 12:11:32.161314
Python,2025-05-29,80,2025-07-02 12:11:32.161314
Python,2025-05-30,75,2025-07-02 12:11:32.161314
Python,2025-05-31,50,2025-07-02 12:11:32.161314
Python,2025-06-01,50,2025-07-02 12:11:32.161314
Python,2025-06-02,79,2025-07-02 12:11:32.161314
Python,2025-06-03,84,2025-07-02 12:11:32.161314
Python,2025-06-04,89,2025-07-02 12:11:32.161314
Python,2025-06-05,92,2025-07-02 12:11:32.161314
Python,2025-06-06,82,2025-07-02 12:11:32.161314
Python,2025-06-07,58,2025-07-02 12:11:32.161314
Python,2025-06-08,57,2025-07-02 12:11:32.161314
Python,2025-06-09,85,2025-07-02 12:11:32.161314
Python,2025-06-10,97,2025-07-02 12:11:32.161314
Python,2025-06-11,92,2025-07-02 12:11:32.161314
Python,2025-06-12,91,2025-07-02 12:11:32.161314
Python,2025-06-13,82,2025-07-02 12:11:32.161314
Python,2025-06-14,58,2025-07-02 12:11:32.161314
Python,2025-06-15,56,2025-07-02 12:11:32.161314
Python,2025-06-16,88,2025-07-02 12:11:32.161314
Python,2025-06-17,91,2025-07-02 12:11:32.161314
Python,2025-06-18,85,2025-07-02 12:11:32.161314
Python,2025-06-19,84,2025-07-02 12:11:32.161314
Python,2025-06-20,75,2025-07-02 12:11:32.161314
Python,2025-06-21,57,2025-07-02 12:11:32.161314
Python,2025-06-22,48,2025-07-02 12:11:32.161314
Python,2025-06-23,82,2025-07-02 12:11:32.161314
Python,2025-06-24,86,2025-07-02 12:11:32.161314
Python,2025-06-25,83,2025-07-02 12:11:32.161314
Python,2025-06-26,85,2025-07-02 12:11:32.161314
Python,2025-06-27,94,2025-07-02 12:11:32.161314
Python,2025-06-28,58,2025-07-02 12:11:32.161314
Python,2025-06-29,51,2025-07-02 12:11:32.161314
Python,2025-06-30,80,2025-07-02 12:11:32.161314
Python,2025-07-01,81,2025-07-02 12:11:32.161314
Python,2025-07-02,92,2025-07-02 12:11:32.161314
React,2025-04-02,88,2025-07-02 12:12:21.951805
React,2025-04-03,84,2025-07-02 12:12:21.951805
React,2025-04-04,80,2025-07-02 12:12:21.951805
React,2025-04-05,53,2025-07-02 12:12:21.951805
React,2025-04-06,54,2025-07-02 12:12:21.951805
React,2025-04-07,81,2025-07-02 12:12:21.951805
React,2025-04-08,82,2025-07-02 12:12:21.951805
React,2025-04-09,85,2025-07-02 12:12:21.951805
React,2025-04-10,84,2025-07-02 12:12:21.951805
React,2025-04-11,81,2025-07-02 12:12:21.951805
React,2025-04-12,53,2025-07-02 12:12:21.951805
React,2025-04-13,51,2025-07-02 12:12:21.951805
React,2025-04-14,82,2025-07-02 12:12:21.951805
React,2025-04-15,82,2025-07-02 12:12:21.951805
React,2025-04-16,80,2025-07-02 12:12:21.951805
React,2025-04-17,81,2025-07-02 12:12:21.951805
React,2025-04-18,67,2025-07-02 12:12:21.951805
React,2025-04-19,50,2025-07-02 12:12:21.951805
React,2025-04-20,48,2025-07-02 12:12:21.951805
React,2025-04-21,78,2025-07-02 12:12:21.951805
React,2025-04-22,84,2025-07-02 12:12:21.951805
React,2025-04-23,82,2025-07-02 12:12:21.951805
React,2025-04-24,83,2025-07-02 12:12:21.951805
React,2025-04-25,75,2025-07-02 12:12:21.951805
React,2025-04-26,53,2025-07-02 12:12:21.951805
React,2025-04-27,53,2025-07-02 12:12:21.951805
React,2025-04-28,84,2025-07-02 12:12:21.951805
React,2025-04-29,81,2025-07-02 12:12:21.951805
React,2025-04-30,77,2025-07-02 12:12:21.951805
React,2025-05-01,72,2025-07-02 12:12:21.951805
React,2025-05-02,71,2025-07-02 12:12:21.951805
React,2025-05-03,49,2025-07-02 12:12:21.951805
React,2025-05-04,49,2025-07-02 12:12:21.951805
React,2025-05-05,79,2025-07-02 12:12:21.951805
React,2025-05-06,81,2025-07-02 12:12:21.951805
React,2025-05-07,78,2025-07-02 12:12:21.951805
React,2025-05-08,76,2025-07-02 12:12:21.951805
React,2025-05-09,73,2025-07-02 12:12:21.951805
React,2025-05-10,51,2025-07-02 12:12:21.951805
React,2025-05-11,49,2025-07-02 12:12:21.951805
React,2025-05-12,77,2025-07-02 12:12:21.951805
React,2025-05-13,81,2025-07-02 12:12:21.951805
React,2025-05-14,82,2025-07-02 12:12:21.951805
React,2025-05-15,80,2025-07-02 12:12:21.951805
React,2025-05-16,74,2025-07-02 12:12:21.951805
React,2025-05-17,52,2025-07-02 12:12:21.951805
React,2025-05-18,49,2025-07-02 12:12:21.951805
React,2025-05-19,76,2025-07-02 12:12:21.951805
React,2025-05-20,81,2025-07-02 12:12:21.951805
React,2025-05-21,80,2025-07-02 12:12:21.951805
React,2025-05-22,81,2025-07-02 12:12:21.951805
React,2025-05-23,78,2025-07-02 12:12:21.951805
React,2025-05-24,50,2025-07-02 12:12:21.951805
React,2025-05-25,46,2025-07-02 12:12:21.951805
React,2025-05-26,73,2025-07-02 12:12:21.951805
React,2025-05-27,82,2025-07-02 12:12:21.951805
React,2025-05-28,76,2025-07-02 12:12:21.951805
React,2025-05-29,73,2025-07-02 12:12:21.951805
React,2025-05-30,71,2025-07-02 12:12:21.951805
React,2025-05-31,47,2025-07-02 12:12:21.951805
React,2025-06-01,45,2025-07-02 12:12:21.951805
React,2025-06-02,69,2025-07-02 12:12:21.951805
React,2025-06-03,73,2025-07-02 12:12:21.951805
React,2025-06-04,78,2025-07-02 12:12:21.951805
React,2025-06-05,79,2025-07-02 12:12:21.951805
React,2025-06-06,73,2025-07-02 12:12:21.951805
React,2025-06-07,52,2025-07-02 12:12:21.951805
React,2025-06-08,51,2025-07-02 12:12:21.951805
React,2025-06-09,76,2025-07-02 12:12:21.951805
React,2025-06-10,84,2025-07-02 12:12:21.951805
React,2025-06-11,80,2025-07-02 12:12:21.951805
React,2025-06-12,79,2025-07-02 12:12:21.951805
React,2025-06-13,76,2025-07-02 12:12:21.951805
React,2025-06-14,53,2025-07-02 12:12:21.951805
React,2025-06-15,51,2025-07-02 12:12:21.951805
React,2025-06-16,79,2025-07-02 12:12:21.951805
React,2025-06-17,81,2025-07-02 12:12:21.951805
React,2025-06-18,74,2025-07-02 12:12:21.951805
React,2025-06-19,75,2025-07-02 12:12:21.951805
React,2025-06-20,71,2025-07-02 12:12:21.951805
React,2025-06-21,55,2025-07-02 12:12:21.951805
React,2025-06-22,50,2025-07-02 12:12:21.951805
React,2025-06-23,74,2025-07-02 12:12:21.951805
React,2025-06-24,80,2025-07-02 12:12:21.951805
React,2025-06-25,78,2025-07-02 12:12:21.951805
React,2025-06-26,100,2025-07-02 12:12:21.951805
React,2025-06-27,72,2025-07-02 12:12:21.951805
React,2025-06-28,50,2025-07-02 12:12:21.951805
React,2025-06-29,48,2025-07-02 12:12:21.951805
React,2025-06-30,71,2025-07-02 12:12:21.951805
React,2025-07-01,75,2025-07-02 12:12:21.951805
React,2025-07-02,80,2025-07-02 12:12:21.951805
Python,2025-04-04,91,2025-07-04 09:15:23.862431
Python,2025-04-05,56,2025-07-04 09:15:23.862431
Python,2025-04-06,58,2025-07-04 09:15:23.862431
Python,2025-04-07,92,2025-07-04 09:15:23.862431
Python,2025-04-08,97,2025-07-04 09:15:23.862431
Python,2025-04-09,97,2025-07-04 09:15:23.862431
Python,2025-04-10,96,2025-07-04 09:15:23.862431
Python,2025-04-11,89,2025-07-04 09:15:23.862431
Python,2025-04-12,58,2025-07-04 09:15:23.862431
Python,2025-04-13,54,2025-07-04 09:15:23.862431
Python,2025-04-14,87,2025-07-04 09:15:23.862431
Python,2025-04-15,96,2025-07-04 09:15:23.862431
Python,2025-04-16,88,2025-07-04 09:15:23.862431
Python,2025-04-17,88,2025-07-04 09:15:23.862431
Python,2025-04-18,72,2025-07-04 09:15:23.862431
Python,2025-04-19,56,2025-07-04 09:15:23.862431
Python,2025-04-20,54,2025-07-04 09:15:23.862431
Python,2025-04-21,77,2025-07-04 09:15:23.862431
Python,2025-04-22,94,2025-07-04 09:15:23.862431
Python,2025-04-23,90,2025-07-04 09:15:23.862431
Python,2025-04-24,96,2025-07-04 09:15:23.862431
Python,2025-04-25,85,2025-07-04 09:15:23.862431
Python,2025-04-26,56,2025-07-04 09:15:23.862431
Python,2025-04-27,58,2025-07-04 09:15:23.862431
Python,2025-04-28,92,2025-07-04 09:15:23.862431
Python,2025-04-29,89,2025-07-04 09:15:23.862431
Python,2025-04-30,83,2025-07-04 09:15:23.862431
Python,2025-05-01,73,2025-07-04 09:15:23.862431
Python,2025-05-02,76,2025-07-04 09:15:23.862431
Python,2025-05-03,55,2025-07-04 09:15:23.862431
Python,2025-05-04,52,2025-07-04 09:15:23.862431
Python,2025-05-05,87,2025-07-04 09:15:23.862431
Python,2025-05-06,88,2025-07-04 09:15:23.862431
Python,2025-05-07,86,2025-07-04 09:15:23.862431
Python,2025-05-08,85,2025-07-04 09:15:23.862431
Python,2025-05-09,81,2025-07-04 09:15:23.862431
Python,2025-05-10,53,2025-07-04 09:15:23.862431
Python,2025-05-11,54,2025-07-04 09:15:23.862431
Python,2025-05-12,89,2025-07-04 09:15:23.862431
Python,2025-05-13,89,2025-07-04 09:15:23.862431
Python,2025-05-14,91,2025-07-04 09:15:23.862431
Python,2025-05-15,89,2025-07-04 09:15:23.862431
Python,2025-05-16,82,2025-07-04 09:15:23.862431
Python,2025-05-17,54,2025-07-04 09:15:23.862431
Python,2025-05-18,55,2025-07-04 09:15:23.862431
Python,2025-05-19,92,2025-07-04 09:15:23.862431
Python,2025-05-20,96,2025-07-04 09:15:23.862431
Python,2025-05-21,92,2025-07-04 09:15:23.862431
Python,2025-05-22,94,2025-07-04 09:15:23.862431
Python,2025-05-23,86,2025-07-04 09:15:23.862431
Python,2025-05-24,59,2025-07-04 09:15:23.862431
Python,2025-05-25,54,2025-07-04 09:15:23.862431
Python,2025-05-26,77,2025-07-04 09:15:23.862431
Python,2025-05-27,86,2025-07-04 09:15:23.862431
Python,2025-05-28,87,2025-07-04 09:15:23.862431
Python,2025-05-29,84,2025-07-04 09:15:23.862431
Python,2025-05-30,77,2025-07-04 09:15:23.862431
Python,2025-05-31,52,2025-07-04 09:15:23.862431
Python,2025-06-01,51,2025-07-04 09:15:23.862431
Python,2025-06-02,81,2025-07-04 09:15:23.862431
Python,2025-06-03,87,2025-07-04 09:15:23.862431
Python,2025-06-04,83,2025-07-04 09:15:23.862431
Python,2025-06-05,90,2025-07-04 09:15:23.862431
Python,2025-06-06,86,2025-07-04 09:15:23.862431
Python,2025-06-07,62,2025-07-04 09:15:23.862431
Python,2025-06-08,57,2025-07-04 09:15:23.862431
Python,2025-06-09,88,2025-07-04 09:15:23.862431
Python,2025-06-10,100,2025-07-04 09:15:23.862431
Python,2025-06-11,94,2025-07-04 09:15:23.862431
Python,2025-06-12,94,2025-07-04 09:15:23.862431
Python,2025-06-13,86,2025-07-04 09:15:23.862431
Python,2025-06-14,60,2025-07-04 09:15:23.862431
Python,2025-06-15,58,2025-07-04 09:15:23.862431
Python,2025-06-16,90,2025-07-04 09:15:23.862431
Python,2025-06-17,94,2025-07-04 09:15:23.862431
Python,2025-06-18,88,2025-07-04 09:15:23.862431
Python,2025-06-19,85,2025-07-04 09:15:23.862431
Python,2025-06-20,76,2025-07-04 09:15:23.862431
Python,2025-06-21,57,2025-07-04 09:15:23.862431
Python,2025-06-22,51,2025-07-04 09:15:23.862431
Python,2025-06-23,85,2025-07-04 09:15:23.862431
Python,2025-06-24,86,2025-07-04 09:15:23.862431
Python,2025-06-25,87,2025-07-04 09:15:23.862431
Python,2025-06-26,87,2025-07-04 09:15:23.862431
Python,2025-06-27,95,2025-07-04 09:15:23.862431
Python,2025-06-28,58,2025-07-04 09:15:23.862431
Python,2025-06-29,52,2025-07-04 09:15:23.862431
Python,2025-06-30,84,2025-07-04 09:15:23.862431
Python,2025-07-01,86,2025-07-04 09:15:23.862431
Python,2025-07-02,90,2025-07-04 09:15:23.862431
Python,2025-07-03,85,2025-07-04 09:15:23.862431
Python,2025-07-04,82,2025-07-04 09:15:23.862431
JavaScript,2025-04-04,86,2025-07-04 09:15:50.269416
JavaScript,2025-04-05,48,2025-07-04 09:15:50.269416
JavaScript,2025-04-06,49,2025-07-04 09:15:50.269416
JavaScript,2025-04-07,88,2025-07-04 09:15:50.269416
JavaScript,2025-04-08,97,2025-07-04 09:15:50.269416
JavaScript,2025-04-09,93,2025-07-04 09:15:50.269416
JavaScript,2025-04-10,92,2025-07-04 09:15:50.269416
JavaScript,2025-04-11,86,2025-07-04 09:15:50.269416
JavaScript,2025-04-12,47,2025-07-04 09:15:50.269416
JavaScript,2025-04-13,44,2025-07-04 09:15:50.269416
JavaScript,2025-04-14,85,2025-07-04 09:15:50.269416
JavaScript,2025-04-15,92,2025-07-04 09:15:50.269416
JavaScript,2025-04-16,92,2025-07-04 09:15:50.269416
JavaScript,2025-04-17,87,2025-07-04 09:15:50.269416
JavaScript,2025-04-18,65,2025-07-04 09:15:50.269416
JavaScript,2025-04-19,46,2025-07-04 09:15:50.269416
JavaScript,2025-04-20,43,2025-07-04 09:15:50.269416
JavaScript,2025-04-21,76,2025-07-04 09:15:50.269416
JavaScript,2025-04-22,91,2025-07-04 09:15:50.269416
JavaScript,2025-04-23,92,2025-07-04 09:15:50.269416
JavaScript,2025-04-24,100,2025-07-04 09:15:50.269416
JavaScript,2025-04-25,82,2025-07-04 09:15:50.269416
JavaScript,2025-04-26,47,2025-07-04 09:15:50.269416
JavaScript,2025-04-27,43,2025-07-04 09:15:50.269416
JavaScript,2025-04-28,88,2025-07-04 09:15:50.269416
JavaScript,2025-04-29,87,2025-07-04 09:15:50.269416
JavaScript,2025-04-30,85,2025-07-04 09:15:50.269416
JavaScript,2025-05-01,67,2025-07-04 09:15:50.269416
JavaScript,2025-05-02,73,2025-07-04 09:15:50.269416
JavaScript,2025-05-03,45,2025-07-04 09:15:50.269416
JavaScript,2025-05-04,46,2025-07-04 09:15:50.269416
JavaScript,2025-05-05,83,2025-07-04 09:15:50.269416
JavaScript,2025-05-06,83,2025-07-04 09:15:50.269416
JavaScript,2025-05-07,89,2025-07-04 09:15:50.269416
JavaScript,2025-05-08,82,2025-07-04 09:15:50.269416
JavaScript,2025-05-09,81,2025-07-04 09:15:50.269416
JavaScript,2025-05-10,47,2025-07-04 09:15:50.269416
JavaScript,2025-05-11,47,2025-07-04 09:15:50.269416
JavaScript,2025-05-12,87,2025-07-04 09:15:50.269416
JavaScript,2025-05-13,86,2025-07-04 09:15:50.269416
JavaScript,2025-05-14,90,2025-07-04 09:15:50.269416
JavaScript,2025-05-15,89,2025-07-04 09:15:50.269416
JavaScript,2025-05-16,79,2025-07-04 09:15:50.269416
JavaScript,2025-05-17,47,2025-07-04 09:15:50.269416
JavaScript,2025-05-18,42,2025-07-04 09:15:50.269416
JavaScript,2025-05-19,82,2025-07-04 09:15:50.269416
JavaScript,2025-05-20,90,2025-07-04 09:15:50.269416
JavaScript,2025-05-21,90,2025-07-04 09:15:50.269416
JavaScript,2025-05-22,89,2025-07-04 09:15:50.269416
JavaScript,2025-05-23,82,2025-07-04 09:15:50.269416
JavaScript,2025-05-24,47,2025-07-04 09:15:50.269416
JavaScript,2025-05-25,46,2025-07-04 09:15:50.269416
JavaScript,2025-05-26,76,2025-07-04 09:15:50.269416
JavaScript,2025-05-27,85,2025-07-04 09:15:50.269416
JavaScript,2025-05-28,80,2025-07-04 09:15:50.269416
JavaScript,2025-05-29,80,2025-07-04 09:15:50.269416
JavaScript,2025-05-30,76,2025-07-04 09:15:50.269416
JavaScript,2025-05-31,43,2025-07-04 09:15:50.269416
JavaScript,2025-06-01,42,2025-07-04 09:15:50.269416
JavaScript,2025-06-02,78,2025-07-04 09:15:50.269416
JavaScript,2025-06-03,80,2025-07-04 09:15:50.269416
JavaScript,2025-06-04,90,2025-07-04 09:15:50.269416
JavaScript,2025-06-05,91,2025-07-04 09:15:50.269416
JavaScript,2025-06-06,81,2025-07-04 09:15:50.269416
JavaScript,2025-06-07,49,2025-07-04 09:15:50.269416
JavaScript,2025-06-08,49,2025-07-04 09:15:50.269416
JavaScript,2025-06-09,84,2025-07-04 09:15:50.269416
JavaScript,2025-06-10,92,2025-07-04 09:15:50.269416
JavaScript,2025-06-11,91,2025-07-04 09:15:50.269416
JavaScript,2025-06-12,95,2025-07-04 09:15:50.269416
JavaScript,2025-06-13,87,2025-07-04 09:15:50.269416
JavaScript,2025-06-14,49,2025-07-04 09:15:50.269416
JavaScript,2025-06-15,48,2025-07-04 09:15:50.269416
JavaScript,2025-06-16,86,2025-07-04 09:15:50.269416
JavaScript,2025-06-17,95,2025-07-04 09:15:50.269416
JavaScript,2025-06-18,90,2025-07-04 09:15:50.269416
JavaScript,2025-06-19,85,2025-07-04 09:15:50.269416
JavaScript,2025-06-20,79,2025-07-04 09:15:50.269416
JavaScript,2025-06-21,53,2025-07-04 09:15:50.269416
JavaScript,2025-06-22,42,2025-07-04 09:15:50.269416
JavaScript,2025-06-23,97,2025-07-04 09:15:50.269416
JavaScript,2025-06-24,82,2025-07-04 09:15:50.269416
JavaScript,2025-06-25,86,2025-07-04 09:15:50.269416
JavaScript,2025-06-26,86,2025-07-04 09:15:50.269416
JavaScript,2025-06-27,76,2025-07-04 09:15:50.269416
JavaScript,2025-06-28,49,2025-07-04 09:15:50.269416
JavaScript,2025-06-29,46,2025-07-04 09:15:50.269416
JavaScript,2025-06-30,76,2025-07-04 09:15:50.269416
JavaScript,2025-07-01,82,2025-07-04 09:15:50.269416
JavaScript,2025-07-02,82,2025-07-04 09:15:50.269416
JavaScript,2025-07-03,84,2025-07-04 09:15:50.269416
JavaScript,2025-07-04,80,2025-07-04 09:15:50.269416
React,2025-04-04,81,2025-07-04 09:16:14.765792
React,2025-04-05,52,2025-07-04 09:16:14.765792
React,2025-04-06,56,2025-07-04 09:16:14.765792
React,2025-04-07,83,2025-07-04 09:16:14.765792
React,2025-04-08,85,2025-07-04 09:16:14.765792
React,2025-04-09,86,2025-07-04 09:16:14.765792
React,2025-04-10,84,2025-07-04 09:16:14.765792
React,2025-04-11,82,2025-07-04 09:16:14.765792
React,2025-04-12,53,2025-07-04 09:16:14.765792
React,2025-04-13,51,2025-07-04 09:16:14.765792
React,2025-04-14,82,2025-07-04 09:16:14.765792
React,2025-04-15,83,2025-07-04 09:16:14.765792
React,2025-04-16,83,2025-07-04 09:16:14.765792
React,2025-04-17,84,2025-07-04 09:16:14.765792
React,2025-04-18,67,2025-07-04 09:16:14.765792
React,2025-04-19,50,2025-07-04 09:16:14.765792
React,2025-04-20,48,2025-07-04 09:16:14.765792
React,2025-04-21,73,2025-07-04 09:16:14.765792
React,2025-04-22,83,2025-07-04 09:16:14.765792
React,2025-04-23,83,2025-07-04 09:16:14.765792
React,2025-04-24,84,2025-07-04 09:16:14.765792
React,2025-04-25,77,2025-07-04 09:16:14.765792
React,2025-04-26,52,2025-07-04 09:16:14.765792
React,2025-04-27,53,2025-07-04 09:16:14.765792
React,2025-04-28,87,2025-07-04 09:16:14.765792
React,2025-04-29,81,2025-07-04 09:16:14.765792
React,2025-04-30,78,2025-07-04 09:16:14.765792
React,2025-05-01,70,2025-07-04 09:16:14.765792
React,2025-05-02,72,2025-07-04 09:16:14.765792
React,2025-05-03,48,2025-07-04 09:16:14.765792
React,2025-05-04,51,2025-07-04 09:16:14.765792
React,2025-05-05,79,2025-07-04 09:16:14.765792
React,2025-05-06,80,2025-07-04 09:16:14.765792
React,2025-05-07,80,2025-07-04 09:16:14.765792
React,2025-05-08,78,2025-07-04 09:16:14.765792
React,2025-05-09,72,2025-07-04 09:16:14.765792
React,2025-05-10,54,2025-07-04 09:16:14.765792
React,2025-05-11,49,2025-07-04 09:16:14.765792
React,2025-05-12,76,2025-07-04 09:16:14.765792
React,2025-05-13,80,2025-07-04 09:16:14.765792
React,2025-05-14,81,2025-07-04 09:16:14.765792
React,2025-05-15,80,2025-07-04 09:16:14.765792
React,2025-05-16,74,2025-07-04 09:16:14.765792
React,2025-05-17,53,2025-07-04 09:16:14.765792
React,2025-05-18,49,2025-07-04 09:16:14.765792
React,2025-05-19,79,2025-07-04 09:16:14.765792
React,2025-05-20,80,2025-07-04 09:16:14.765792
React,2025-05-21,80,2025-07-04 09:16:14.765792
React,2025-05-22,82,2025-07-04 09:16:14.765792
React,2025-05-23,79,2025-07-04 09:16:14.765792
React,2025-05-24,50,2025-07-04 09:16:14.765792
React,2025-05-25,47,2025-07-04 09:16:14.765792
React,2025-05-26,72,2025-07-04 09:16:14.765792
React,2025-05-27,78,2025-07-04 09:16:14.765792
React,2025-05-28,77,2025-07-04 09:16:14.765792
React,2025-05-29,75,2025-07-04 09:16:14.765792
React,2025-05-30,67,2025-07-04 09:16:14.765792
React,2025-05-31,47,2025-07-04 09:16:14.765792
React,2025-06-01,46,2025-07-04 09:16:14.765792
React,2025-06-02,70,2025-07-04 09:16:14.765792
React,2025-06-03,75,2025-07-04 09:16:14.765792
React,2025-06-04,75,2025-07-04 09:16:14.765792
React,2025-06-05,78,2025-07-04 09:16:14.765792
React,2025-06-06,73,2025-07-04 09:16:14.765792
React,2025-06-07,53,2025-07-04 09:16:14.765792
React,2025-06-08,50,2025-07-04 09:16:14.765792
React,2025-06-09,77,2025-07-04 09:16:14.765792
React,2025-06-10,85,2025-07-04 09:16:14.765792
React,2025-06-11,82,2025-07-04 09:16:14.765792
React,2025-06-12,81,2025-07-04 09:16:14.765792
React,2025-06-13,77,2025-07-04 09:16:14.765792
React,2025-06-14,55,2025-07-04 09:16:14.765792
React,2025-06-15,54,2025-07-04 09:16:14.765792
React,2025-06-16,78,2025-07-04 09:16:14.765792
React,2025-06-17,84,2025-07-04 09:16:14.765792
React,2025-06-18,79,2025-07-04 09:16:14.765792
React,2025-06-19,78,2025-07-04 09:16:14.765792
React,2025-06-20,71,2025-07-04 09:16:14.765792
React,2025-06-21,53,2025-07-04 09:16:14.765792
React,2025-06-22,50,2025-07-04 09:16:14.765792
React,2025-06-23,75,2025-07-04 09:16:14.765792
React,2025-06-24,76,2025-07-04 09:16:14.765792
React,2025-06-25,80,2025-07-04 09:16:14.765792
React,2025-06-26,100,2025-07-04 09:16:14.765792
React,2025-06-27,72,2025-07-04 09:16:14.765792
React,2025-06-28,51,2025-07-04 09:16:14.765792
React,2025-06-29,47,2025-07-04 09:16:14.765792
React,2025-06-30,72,2025-07-04 09:16:14.765792
React,2025-07-01,73,2025-07-04 09:16:14.765792
React,2025-07-02,77,2025-07-04 09:16:14.765792
React,2025-07-03,74,2025-07-04 09:16:14.765792
React,2025-07-04,79,2025-07-04 09:16:14.765792
Go,2025-04-04,84,2025-07-04 09:16:39.176370
Go,2025-04-05,86,2025-07-04 09:16:39.176370
Go,2025-04-06,87,2025-07-04 09:16:39.176370
Go,2025-04-07,79,2025-07-04 09:16:39.176370
Go,2025-04-08,81,2025-07-04 09:16:39.176370
Go,2025-04-09,84,2025-07-04 09:16:39.176370
Go,2025-04-10,84,2025-07-04 09:16:39.176370
Go,2025-04-11,79,2025-07-04 09:16:39.176370
Go,2025-04-12,86,2025-07-04 09:16:39.176370
Go,2025-04-13,87,2025-07-04 09:16:39.176370
Go,2025-04-14,87,2025-07-04 09:16:39.176370
Go,2025-04-15,88,2025-07-04 09:16:39.176370
Go,2025-04-16,84,2025-07-04 09:16:39.176370
Go,2025-04-17,87,2025-07-04 09:16:39.176370
Go,2025-04-18,86,2025-07-04 09:16:39.176370
Go,2025-04-19,82,2025-07-04 09:16:39.176370
Go,2025-04-20,86,2025-07-04 09:16:39.176370
Go,2025-04-21,89,2025-07-04 09:16:39.176370
Go,2025-04-22,84,2025-07-04 09:16:39.176370
Go,2025-04-23,82,2025-07-04 09:16:39.176370
Go,2025-04-24,84,2025-07-04 09:16:39.176370
Go,2025-04-25,81,2025-07-04 09:16:39.176370
Go,2025-04-26,85,2025-07-04 09:16:39.176370
Go,2025-04-27,87,2025-07-04 09:16:39.176370
Go,2025-04-28,84,2025-07-04 09:16:39.176370
Go,2025-04-29,86,2025-07-04 09:16:39.176370
Go,2025-04-30,82,2025-07-04 09:16:39.176370
Go,2025-05-01,85,2025-07-04 09:16:39.176370
Go,2025-05-02,85,2025-07-04 09:16:39.176370
Go,2025-05-03,83,2025-07-04 09:16:39.176370
Go,2025-05-04,84,2025-07-04 09:16:39.176370
Go,2025-05-05,86,2025-07-04 09:16:39.176370
Go,2025-05-06,82,2025-07-04 09:16:39.176370
Go,2025-05-07,84,2025-07-04 09:16:39.176370
Go,2025-05-08,80,2025-07-04 09:16:39.176370
Go,2025-05-09,78,2025-07-04 09:16:39.176370
Go,2025-05-10,82,2025-07-04 09:16:39.176370
Go,2025-05-11,83,2025-07-04 09:16:39.176370
Go,2025-05-12,82,2025-07-04 09:16:39.176370
Go,2025-05-13,85,2025-07-04 09:16:39.176370
Go,2025-05-14,85,2025-07-04 09:16:39.176370
Go,2025-05-15,85,2025-07-04 09:16:39.176370
Go,2025-05-16,83,2025-07-04 09:16:39.176370
Go,2025-05-17,85,2025-07-04 09:16:39.176370
Go,2025-05-18,84,2025-07-04 09:16:39.176370
Go,2025-05-19,86,2025-07-04 09:16:39.176370
Go,2025-05-20,86,2025-07-04 09:16:39.176370
Go,2025-05-21,85,2025-07-04 09:16:39.176370
Go,2025-05-22,79,2025-07-04 09:16:39.176370
Go,2025-05-23,81,2025-07-04 09:16:39.176370
Go,2025-05-24,86,2025-07-04 09:16:39.176370
Go,2025-05-25,85,2025-07-04 09:16:39.176370
Go,2025-05-26,81,2025-07-04 09:16:39.176370
Go,2025-05-27,82,2025-07-04 09:16:39.176370
Go,2025-05-28,89,2025-07-04 09:16:39.176370
Go,2025-05-29,83,2025-07-04 09:16:39.176370
Go,2025-05-30,85,2025-07-04 09:16:39.176370
Go,2025-05-31,85,2025-07-04 09:16:39.176370
Go,2025-06-01,84,2025-07-04 09:16:39.176370
Go,2025-06-02,83,2025-07-04 09:16:39.176370
Go,2025-06-03,81,2025-07-04 09:16:39.176370
Go,2025-06-04,84,2025-07-04 09:16:39.176370
Go,2025-06-05,84,2025-07-04 09:16:39.176370
Go,2025-06-06,85,2025-07-04 09:16:39.176370
Go,2025-06-07,87,2025-07-04 09:16:39.176370
Go,2025-06-08,89,2025-07-04 09:16:39.176370
Go,2025-06-09,83,2025-07-04 09:16:39.176370
Go,2025-06-10,86,2025-07-04 09:16:39.176370
Go,2025-06-11,82,2025-07-04 09:16:39.176370
Go,2025-06-12,84,2025-07-04 09:16:39.176370
Go,2025-06-13,86,2025-07-04 09:16:39.176370
Go,2025-06-14,86,2025-07-04 09:16:39.176370
Go,2025-06-15,87,2025-07-04 09:16:39.176370
Go,2025-06-16,82,2025-07-04 09:16:39.176370
Go,2025-06-17,84,2025-07-04 09:16:39.176370
Go,2025-06-18,85,2025-07-04 09:16:39.176370
Go,2025-06-19,84,2025-07-04 09:16:39.176370
Go,2025-06-20,89,2025-07-04 09:16:39.176370
Go,2025-06-21,87,2025-07-04 09:16:39.176370
Go,2025-06-22,89,2025-07-04 09:16:39.176370
Go,2025-06-23,83,2025-07-04 09:16:39.176370
Go,2025-06-24,84,2025-07-04 09:16:39.176370
Go,2025-06-25,84,2025-07-04 09:16:39.176370
Go,2025-06-26,85,2025-07-04 09:16:39.176370
Go,2025-06-27,87,2025-07-04 09:16:39.176370
Go,2025-06-28,95,2025-07-04 09:16:39.176370
Go,2025-06-29,100,2025-07-04 09:16:39.176370
Go,2025-06-30,88,2025-07-04 09:16:39.176370
Go,2025-07-01,88,2025-07-04 09:16:39.176370
Go,2025-07-02,89,2025-07-04 09:16:39.176370
Go,2025-07-03,86,2025-07-04 09:16:39.176370
Go,2025-07-04,92,2025-07-04 09:16:39.176370
Rust,2025-04-04,74,2025-07-04 09:17:03.924296
Rust,2025-04-05,77,2025-07-04 09:17:03.924296
Rust,2025-04-06,80,2025-07-04 09:17:03.924296
Rust,2025-04-07,70,2025-07-04 09:17:03.924296
Rust,2025-04-08,70,2025-07-04 09:17:03.924296
Rust,2025-04-09,69,2025-07-04 09:17:03.924296
Rust,2025-04-10,69,2025-07-04 09:17:03.924296
Rust,2025-04-11,73,2025-07-04 09:17:03.924296
Rust,2025-04-12,78,2025-07-04 09:17:03.924296
Rust,2025-04-13,74,2025-07-04 09:17:03.924296
Rust,2025-04-14,72,2025-07-04 09:17:03.924296
Rust,2025-04-15,66,2025-07-04 09:17:03.924296
Rust,2025-04-16,69,2025-07-04 09:17:03.924296
Rust,2025-04-17,75,2025-07-04 09:17:03.924296
Rust,2025-04-18,78,2025-07-04 09:17:03.924296
Rust,2025-04-19,79,2025-07-04 09:17:03.924296
Rust,2025-04-20,79,2025-07-04 09:17:03.924296
Rust,2025-04-21,74,2025-07-04 09:17:03.924296
Rust,2025-04-22,70,2025-07-04 09:17:03.924296
Rust,2025-04-23,70,2025-07-04 09:17:03.924296
Rust,2025-04-24,70,2025-07-04 09:17:03.924296
Rust,2025-04-25,70,2025-07-04 09:17:03.924296
Rust,2025-04-26,74,2025-07-04 09:17:03.924296
Rust,2025-04-27,76,2025-07-04 09:17:03.924296
Rust,2025-04-28,72,2025-07-04 09:17:03.924296
Rust,2025-04-29,71,2025-07-04 09:17:03.924296
Rust,2025-04-30,67,2025-07-04 09:17:03.924296
Rust,2025-05-01,87,2025-07-04 09:17:03.924296
Rust,2025-05-02,92,2025-07-04 09:17:03.924296
Rust,2025-05-03,100,2025-07-04 09:17:03.924296
Rust,2025-05-04,99,2025-07-04 09:17:03.924296
Rust,2025-05-05,87,2025-07-04 09:17:03.924296
Rust,2025-05-06,76,2025-07-04 09:17:03.924296
Rust,2025-05-07,75,2025-07-04 09:17:03.924296
Rust,2025-05-08,75,2025-07-04 09:17:03.924296
Rust,2025-05-09,76,2025-07-04 09:17:03.924296
Rust,2025-05-10,92,2025-07-04 09:17:03.924296
Rust,2025-05-11,81,2025-07-04 09:17:03.924296
Rust,2025-05-12,77,2025-07-04 09:17:03.924296
Rust,2025-05-13,76,2025-07-04 09:17:03.924296
Rust,2025-05-14,74,2025-07-04 09:17:03.924296
Rust,2025-05-15,71,2025-07-04 09:17:03.924296
Rust,2025-05-16,76,2025-07-04 09:17:03.924296
Rust,2025-05-17,76,2025-07-04 09:17:03.924296
Rust,2025-05-18,82,2025-07-04 09:17:03.924296
Rust,2025-05-19,71,2025-07-04 09:17:03.924296
Rust,2025-05-20,70,2025-07-04 09:17:03.924296
Rust,2025-05-21,66,2025-07-04 09:17:03.924296
Rust,2025-05-22,73,2025-07-04 09:17:03.924296
Rust,2025-05-23,72,2025-07-04 09:17:03.924296
Rust,2025-05-24,83,2025-07-04 09:17:03.924296
Rust,2025-05-25,82,2025-07-04 09:17:03.924296
Rust,2025-05-26,76,2025-07-04 09:17:03.924296
Rust,2025-05-27,77,2025-07-04 09:17:03.924296
Rust,2025-05-28,77,2025-07-04 09:17:03.924296
Rust,2025-05-29,78,2025-07-04 09:17:03.924296
Rust,2025-05-30,79,2025-07-04 09:17:03.924296
Rust,2025-05-31,77,2025-07-04 09:17:03.924296
Rust,2025-06-01,80,2025-07-04 09:17:03.924296
Rust,2025-06-02,75,2025-07-04 09:17:03.924296
Rust,2025-06-03,71,2025-07-04 09:17:03.924296
Rust,2025-06-04,73,2025-07-04 09:17:03.924296
Rust,2025-06-05,83,2025-07-04 09:17:03.924296
Rust,2025-06-06,82,2025-07-04 09:17:03.924296
Rust,2025-06-07,89,2025-07-04 09:17:03.924296
Rust,2025-06-08,81,2025-07-04 09:17:03.924296
Rust,2025-06-09,79,2025-07-04 09:17:03.924296
Rust,2025-06-10,73,2025-07-04 09:17:03.924296
Rust,2025-06-11,72,2025-07-04 09:17:03.924296
Rust,2025-06-12,75,2025-07-04 09:17:03.924296
Rust,2025-06-13,71,2025-07-04 09:17:03.924296
Rust,2025-06-14,78,2025-07-04 09:17:03.924296
Rust,2025-06-15,78,2025-07-04 09:17:03.924296
Rust,2025-06-16,72,2025-07-04 09:17:03.924296
Rust,2025-06-17,72,2025-07-04 09:17:03.924296
Rust,2025-06-18,72,2025-07-04 09:17:03.924296
Rust,2025-06-19,85,2025-07-04 09:17:03.924296
Rust,2025-06-20,81,2025-07-04 09:17:03.924296
Rust,2025-06-21,79,2025-07-04 09:17:03.924296
Rust,2025-06-22,78,2025-07-04 09:17:03.924296
Rust,2025-06-23,72,2025-07-04 09:17:03.924296
Rust,2025-06-24,71,2025-07-04 09:17:03.924296
Rust,2025-06-25,78,2025-07-04 09:17:03.924296
Rust,2025-06-26,98,2025-07-04 09:17:03.924296
Rust,2025-06-27,86,2025-07-04 09:17:03.924296
Rust,2025-06-28,86,2025-07-04 09:17:03.924296
Rust,2025-06-29,91,2025-07-04 09:17:03.924296
Rust,2025-06-30,84,2025-07-04 09:17:03.924296
Rust,2025-07-01,80,2025-07-04 09:17:03.924296
Rust,2025-07-02,79,2025-07-04 09:17:03.924296
Rust,2025-07-03,84,2025-07-04 09:17:03.924296
Rust,2025-07-04,80,2025-07-04 09:17:03.924296
Data Science,2025-04-04,74,2025-07-04 09:17:29.417994
Data Science,2025-04-05,75,2025-07-04 09:17:29.417994
Data Science,2025-04-06,65,2025-07-04 09:17:29.417994
Data Science,2025-04-07,85,2025-07-04 09:17:29.417994
Data Science,2025-04-08,82,2025-07-04 09:17:29.417994
Data Science,2025-04-09,82,2025-07-04 09:17:29.417994
Data Science,2025-04-10,75,2025-07-04 09:17:29.417994
Data Science,2025-04-11,72,2025-07-04 09:17:29.417994
Data Science,2025-04-12,78,2025-07-04 09:17:29.417994
Data Science,2025-04-13,62,2025-07-04 09:17:29.417994
Data Science,2025-04-14,78,2025-07-04 09:17:29.417994
Data Science,2025-04-15,86,2025-07-04 09:17:29.417994
Data Science,2025-04-16,84,2025-07-04 09:17:29.417994
Data Science,2025-04-17,80,2025-07-04 09:17:29.417994
Data Science,2025-04-18,69,2025-07-04 09:17:29.417994
Data Science,2025-04-19,77,2025-07-04 09:17:29.417994
Data Science,2025-04-20,65,2025-07-04 09:17:29.417994
Data Science,2025-04-21,83,2025-07-04 09:17:29.417994
Data Science,2025-04-22,89,2025-07-04 09:17:29.417994
Data Science,2025-04-23,81,2025-07-04 09:17:29.417994
Data Science,2025-04-24,80,2025-07-04 09:17:29.417994
Data Science,2025-04-25,75,2025-07-04 09:17:29.417994
Data Science,2025-04-26,72,2025-07-04 09:17:29.417994
Data Science,2025-04-27,67,2025-07-04 09:17:29.417994
Data Science,2025-04-28,84,2025-07-04 09:17:29.417994
Data Science,2025-04-29,85,2025-07-04 09:17:29.417994
Data Science,2025-04-30,77,2025-07-04 09:17:29.417994
Data Science,2025-05-01,79,2025-07-04 09:17:29.417994
Data Science,2025-05-02,78,2025-07-04 09:17:29.417994
Data Science,2025-05-03,83,2025-07-04 09:17:29.417994
Data Science,2025-05-04,67,2025-07-04 09:17:29.417994
Data Science,2025-05-05,90,2025-07-04 09:17:29.417994
Data Science,2025-05-06,85,2025-07-04 09:17:29.417994
Data Science,2025-05-07,84,2025-07-04 09:17:29.417994
Data Science,2025-05-08,81,2025-07-04 09:17:29.417994
Data Science,2025-05-09,83,2025-07-04 09:17:29.417994
Data Science,2025-05-10,81,2025-07-04 09:17:29.417994
Data Science,2025-05-11,75,2025-07-04 09:17:29.417994
Data Science,2025-05-12,86,2025-07-04 09:17:29.417994
Data Science,2025-05-13,93,2025-07-04 09:17:29.417994
Data Science,2025-05-14,90,2025-07-04 09:17:29.417994
Data Science,2025-05-15,85,2025-07-04 09:17:29.417994
Data Science,2025-05-16,84,2025-07-04 09:17:29.417994
Data Science,2025-05-17,84,2025-07-04 09:17:29.417994
Data Science,2025-05-18,70,2025-07-04 09:17:29.417994
Data Science,2025-05-19,86,2025-07-04 09:17:29.417994
Data Science,2025-05-20,95,2025-07-04 09:17:29.417994
Data Science,2025-05-21,87,2025-07-04 09:17:29.417994
Data Science,2025-05-22,83,2025-07-04 09:17:29.417994
Data Science,2025-05-23,86,2025-07-04 09:17:29.417994
Data Science,2025-05-24,84,2025-07-04 09:17:29.417994
Data Science,2025-05-25,71,2025-07-04 09:17:29.417994
Data Science,2025-05-26,77,2025-07-04 09:17:29.417994
Data Science,2025-05-27,79,2025-07-04 09:17:29.417994
Data Science,2025-05-28,80,2025-07-04 09:17:29.417994
Data Science,2025-05-29,92,2025-07-04 09:17:29.417994
Data Science,2025-05-30,79,2025-07-04 09:17:29.417994
Data Science,2025-05-31,79,2025-07-04 09:17:29.417994
Data Science,2025-06-01,65,2025-07-04 09:17:29.417994
Data Science,2025-06-02,82,2025-07-04 09:17:29.417994
Data Science,2025-06-03,78,2025-07-04 09:17:29.417994
Data Science,2025-06-04,85,2025-07-04 09:17:29.417994
Data Science,2025-06-05,96,2025-07-04 09:17:29.417994
Data Science,2025-06-06,89,2025-07-04 09:17:29.417994
Data Science,2025-06-07,85,2025-07-04 09:17:29.417994
Data Science,2025-06-08,74,2025-07-04 09:17:29.417994
Data Science,2025-06-09,93,2025-07-04 09:17:29.417994
Data Science,2025-06-10,95,2025-07-04 09:17:29.417994
Data Science,2025-06-11,92,2025-07-04 09:17:29.417994
Data Science,2025-06-12,89,2025-07-04 09:17:29.417994
Data Science,2025-06-13,86,2025-07-04 09:17:29.417994
Data Science,2025-06-14,91,2025-07-04 09:17:29.417994
Data Science,2025-06-15,80,2025-07-04 09:17:29.417994
Data Science,2025-06-16,97,2025-07-04 09:17:29.417994
Data Science,2025-06-17,93,2025-07-04 09:17:29.417994
Data Science,2025-06-18,87,2025-07-04 09:17:29.417994
Data Science,2025-06-19,100,2025-07-04 09:17:29.417994
Data Science,2025-06-20,89,2025-07-04 09:17:29.417994
Data Science,2025-06-21,96,2025-07-04 09:17:29.417994
Data Science,2025-06-22,66,2025-07-04 09:17:29.417994
Data Science,2025-06-23,80,2025-07-04 09:17:29.417994
Data Science,2025-06-24,85,2025-07-04 09:17:29.417994
Data Science,2025-06-25,91,2025-07-04 09:17:29.417994
Data Science,2025-06-26,87,2025-07-04 09:17:29.417994
Data Science,2025-06-27,77,2025-07-04 09:17:29.417994
Data Science,2025-06-28,83,2025-07-04 09:17:29.417994
Data Science,2025-06-29,71,2025-07-04 09:17:29.417994
Data Science,2025-06-30,87,2025-07-04 09:17:29.417994
Data Science,2025-07-01,83,2025-07-04 09:17:29.417994
Data Science,2025-07-02,87,2025-07-04 09:17:29.417994
Data Science,2025-07-03,78,2025-07-04 09:17:29.417994
Data Science,2025-07-04,81,2025-07-04 09:17:29.417994
